accent,difficulty,confidence,content,wrdLength
American_US,Easy,1.0,the,3
American_US,Easy,1.0,world,5
American_US,Easy,1.0,needs,5
American_US,Easy,0.996,you,3
American_US,Easy,0.9369,stop,4
American_US,Easy,1.0,being,5
American_US,Easy,1.0,boring,6
American_US,Easy,1.0,yeah,4
American_US,Easy,0.993,you,3
American_US,Easy,0.9988,boring,6
American_US,Easy,1.0,is,2
American_US,Easy,1.0,easy,4
American_US,Easy,1.0,everybody,9
American_US,Easy,0.7636,can,3
American_US,Easy,1.0,be,2
American_US,Easy,0.9986,boring,6
American_US,Easy,1.0,whether,7
American_US,Easy,1.0,good,4
American_US,Easy,1.0,or,2
American_US,Easy,1.0,not,3
American_US,Easy,1.0,life,4
American_US,Easy,1.0,is,2
American_US,Easy,1.0,not,3
American_US,Easy,1.0,a,1
American_US,Easy,1.0,game,4
American_US,Easy,1.0,people,6
American_US,Easy,1.0,life,4
American_US,Easy,1.0,a,1
American_US,Easy,0.8262,serial,6
American_US,Easy,1.0,either,6
American_US,Easy,1.0,well,4
American_US,Easy,1.0,it,2
American_US,Easy,1.0,is,2
American_US,Easy,1.0,a,1
American_US,Easy,0.8549,serial,6
American_US,Easy,1.0,and,3
American_US,Easy,1.0,if,2
American_US,Easy,1.0,life,4
American_US,Easy,1.0,was,3
American_US,Easy,0.9625,a,1
American_US,Easy,1.0,game,4
American_US,Easy,1.0,we,2
American_US,Easy,1.0,on,2
American_US,Easy,1.0,the,3
American_US,Easy,1.0,same,4
American_US,Easy,1.0,team,4
American_US,Easy,1.0,i,1
American_US,Easy,1.0,mean,4
American_US,Easy,1.0,really,6
American_US,Easy,0.9469,right,5
American_US,Easy,1.0,on,2
American_US,Easy,1.0,your,4
American_US,Easy,1.0,team,4
American_US,Easy,1.0,beyond,6
American_US,Easy,1.0,my,2
American_US,Easy,1.0,team,4
American_US,Easy,1.0,this,4
American_US,Easy,1.0,is,2
American_US,Easy,1.0,life,4
American_US,Easy,1.0,people,6
American_US,Easy,1.0,we,2
American_US,Easy,1.0,got,3
American_US,Easy,1.0,air,3
American_US,Easy,1.0,coming,6
American_US,Easy,1.0,through,7
American_US,Easy,1.0,your,4
American_US,Easy,0.9998,nose,4
American_US,Easy,0.964,a,1
American_US,Easy,1.0,poem,4
American_US,Easy,1.0,two,3
American_US,Easy,1.0,roads,5
American_US,Easy,1.0,diverged,8
American_US,Easy,1.0,in,2
American_US,Easy,1.0,the,3
American_US,Easy,0.9999,woods,5
American_US,Easy,1.0,and,3
American_US,Easy,1.0,i,1
American_US,Easy,1.0,took,4
American_US,Easy,1.0,the,3
American_US,Easy,1.0,road,4
American_US,Easy,1.0,less,4
American_US,Easy,1.0,traveled,8
American_US,Easy,1.0,and,3
American_US,Easy,1.0,it,2
American_US,Easy,0.9987,hurt,4
American_US,Easy,0.9981,man,3
American_US,Easy,0.8083,really,6
American_US,Easy,1.0,bad,3
American_US,Easy,0.9234,rocks,5
American_US,Easy,0.8125,thorns,6
American_US,Easy,1.0,and,3
American_US,Easy,1.0,glass,5
American_US,Easy,0.9998,not,3
American_US,Easy,0.9958,cool,4
American_US,Easy,1.0,robert,6
American_US,Easy,1.0,frost,5
American_US,Easy,1.0,but,3
American_US,Easy,1.0,what,4
American_US,Easy,1.0,if,2
American_US,Easy,0.9988,there,5
American_US,Easy,0.9968,really,6
American_US,Easy,1.0,were,4
American_US,Easy,0.9784,two,3
American_US,Easy,1.0,paths,5
American_US,Easy,1.0,i,1
American_US,Easy,1.0,want,4
American_US,Easy,1.0,to,2
American_US,Easy,1.0,be,2
American_US,Easy,1.0,in,2
American_US,Easy,1.0,the,3
American_US,Easy,0.9992,one,3
American_US,Easy,1.0,that,4
American_US,Easy,1.0,leads,5
American_US,Easy,0.4154,toa,3
American_US,Easy,0.9994,awesome,7
American_US,Easy,1.0,like,4
American_US,Easy,1.0,that,4
American_US,Easy,0.9994,dude,4
American_US,Easy,1.0,journey,7
American_US,Easy,1.0,said,4
American_US,Easy,1.0,stop,4
American_US,Easy,1.0,believing,9
American_US,Easy,1.0,unless,6
American_US,Easy,0.8378,your,4
American_US,Easy,1.0,dream,5
American_US,Easy,0.9997,is,2
American_US,Easy,0.9953,stupid,6
American_US,Easy,0.969,then,4
American_US,Easy,1.0,you,3
American_US,Easy,1.0,should,6
American_US,Easy,1.0,give,4
American_US,Easy,1.0,up,2
American_US,Easy,1.0,your,4
American_US,Easy,0.9997,dream,5
American_US,Easy,1.0,i,1
American_US,Easy,1.0,think,5
American_US,Easy,1.0,how,3
American_US,Easy,1.0,it,2
American_US,Easy,0.9998,goes,4
American_US,Easy,0.9894,you,3
American_US,Easy,1.0,better,6
American_US,Easy,0.9976,dream,5
American_US,Easy,0.9974,to,2
American_US,Easy,1.0,keep,4
American_US,Easy,1.0,going,5
American_US,Easy,1.0,keep,4
American_US,Easy,1.0,going,5
American_US,Easy,1.0,keep,4
American_US,Easy,1.0,going,5
American_US,Easy,1.0,and,3
American_US,Easy,1.0,keep,4
American_US,Easy,1.0,going,5
American_US,Easy,1.0,what,4
American_US,Easy,1.0,if,2
American_US,Easy,1.0,michael,7
American_US,Easy,1.0,jordan,6
American_US,Easy,1.0,had,3
American_US,Easy,0.9993,quit,4
American_US,Easy,1.0,well,4
American_US,Easy,1.0,he,2
American_US,Easy,1.0,did,3
American_US,Easy,1.0,quit,4
American_US,Easy,0.9744,no,2
American_US,Easy,1.0,he,2
American_US,Easy,0.9996,retired,7
American_US,Easy,1.0,yeah,4
American_US,Easy,1.0,yes,3
American_US,Easy,1.0,he,2
American_US,Easy,0.9996,retired,7
American_US,Easy,1.0,but,3
American_US,Easy,1.0,before,6
American_US,Easy,1.0,that,4
American_US,Easy,1.0,in,2
American_US,Easy,1.0,high,4
American_US,Easy,1.0,school,6
American_US,Easy,1.0,what,4
American_US,Easy,1.0,if,2
American_US,Easy,1.0,he,2
American_US,Easy,0.9989,quit,4
American_US,Easy,1.0,when,4
American_US,Easy,1.0,he,2
American_US,Easy,1.0,make,4
American_US,Easy,1.0,the,3
American_US,Easy,1.0,team,4
American_US,Easy,1.0,he,2
American_US,Easy,1.0,would,5
American_US,Easy,1.0,never,5
American_US,Easy,0.9977,make,4
American_US,Easy,1.0,space,5
American_US,Easy,0.9997,jam,3
American_US,Easy,1.0,and,3
American_US,Easy,1.0,i,1
American_US,Easy,0.9997,love,4
American_US,Easy,1.0,space,5
American_US,Easy,0.9999,jam,3
American_US,Easy,1.0,what,4
American_US,Easy,1.0,will,4
American_US,Easy,1.0,be,2
American_US,Easy,0.999,your,4
American_US,Easy,1.0,space,5
American_US,Easy,0.9999,jam,3
American_US,Easy,1.0,what,4
American_US,Easy,0.9997,will,4
American_US,Easy,1.0,you,3
American_US,Easy,1.0,create,6
American_US,Easy,0.9941,to,2
American_US,Easy,1.0,make,4
American_US,Easy,0.9767,a,1
American_US,Easy,1.0,world,5
American_US,Easy,0.9998,awesome,7
American_US,Easy,1.0,nothing,7
American_US,Easy,0.9891,if,2
American_US,Easy,0.9749,you,3
American_US,Easy,0.9988,keep,4
American_US,Easy,1.0,sitting,7
American_US,Easy,0.9977,there,5
American_US,Easy,1.0,why,3
American_US,Easy,1.0,talking,7
American_US,Easy,1.0,to,2
American_US,Easy,1.0,you,3
American_US,Easy,1.0,today,5
American_US,Easy,1.0,this,4
American_US,Easy,1.0,is,2
American_US,Easy,1.0,your,4
American_US,Easy,1.0,time,4
American_US,Easy,1.0,this,4
American_US,Easy,1.0,is,2
American_US,Easy,1.0,my,2
American_US,Easy,1.0,time,4
American_US,Easy,0.9919,our,3
American_US,Easy,1.0,time,4
American_US,Easy,1.0,we,2
American_US,Easy,0.8563,can,3
American_US,Easy,1.0,make,4
American_US,Easy,0.6628,everyday,8
American_US,Easy,1.0,better,6
American_US,Easy,1.0,for,3
American_US,Easy,1.0,each,4
American_US,Easy,1.0,other,5
American_US,Easy,1.0,if,2
American_US,Easy,1.0,all,3
American_US,Easy,1.0,on,2
American_US,Easy,1.0,the,3
American_US,Easy,1.0,same,4
American_US,Easy,1.0,team,4
American_US,Easy,1.0,start,5
American_US,Easy,1.0,acting,6
American_US,Easy,1.0,like,4
American_US,Easy,1.0,it,2
American_US,Easy,0.999,we,2
American_US,Easy,1.0,got,3
American_US,Easy,1.0,work,4
American_US,Easy,1.0,to,2
American_US,Easy,0.8587,dio,3
American_US,Easy,0.9999,we,2
American_US,Easy,0.9997,can,3
American_US,Easy,0.7641,probably,8
American_US,Easy,0.8403,about,5
American_US,Easy,0.9969,it,2
American_US,Easy,0.6523,are,3
American_US,Easy,0.4912,weakened,8
American_US,Easy,0.9964,dance,5
American_US,Easy,0.9992,about,5
American_US,Easy,1.0,it,2
American_US,Easy,1.0,we,2
American_US,Easy,0.9891,were,4
American_US,Easy,1.0,made,4
American_US,Easy,1.0,to,2
American_US,Easy,0.9999,be,2
American_US,Easy,1.0,awesome,7
American_US,Easy,1.0,get,3
American_US,Easy,1.0,out,3
American_US,Easy,0.9963,there,5
American_US,Easy,1.0,i,1
American_US,Easy,1.0,know,4
American_US,Easy,0.999,everything,10
American_US,Easy,1.0,just,4
American_US,Easy,1.0,a,1
American_US,Easy,1.0,kid,3
American_US,Easy,1.0,but,3
American_US,Easy,1.0,i,1
American_US,Easy,0.9989,know,4
American_US,Easy,1.0,this,4
American_US,Easy,1.0,duty,4
American_US,Easy,1.0,to,2
American_US,Easy,1.0,give,4
American_US,Easy,1.0,the,3
American_US,Easy,1.0,world,5
American_US,Easy,0.9955,a,1
American_US,Easy,1.0,reason,6
American_US,Easy,0.9983,to,2
American_US,Easy,0.9967,dance,5
American_US,Easy,1.0,so,2
American_US,Easy,1.0,get,3
American_US,Easy,1.0,it,2
American_US,Medium,0.9975,but,3
American_US,Medium,1.0,then,4
American_US,Medium,1.0,came,4
American_US,Medium,0.9063,my,2
American_US,Medium,1.0,90,2
American_US,Medium,0.9832,page,4
American_US,Medium,0.999,senior,6
American_US,Medium,1.0,thesis,6
American_US,Medium,0.7217,a,1
American_US,Medium,1.0,paper,5
American_US,Medium,1.0,supposed,8
American_US,Medium,1.0,to,2
American_US,Medium,1.0,spend,5
American_US,Medium,1.0,a,1
American_US,Medium,1.0,year,4
American_US,Medium,1.0,on,2
American_US,Medium,1.0,and,3
American_US,Medium,1.0,i,1
American_US,Medium,1.0,knew,4
American_US,Medium,1.0,for,3
American_US,Medium,1.0,a,1
American_US,Medium,1.0,paper,5
American_US,Medium,1.0,like,4
American_US,Medium,1.0,that,4
American_US,Medium,1.0,my,2
American_US,Medium,1.0,normal,6
American_US,Medium,0.7452,workflow,8
American_US,Medium,1.0,was,3
American_US,Medium,1.0,not,3
American_US,Medium,1.0,an,2
American_US,Medium,1.0,option,6
American_US,Medium,1.0,it,2
American_US,Medium,1.0,was,3
American_US,Medium,1.0,way,3
American_US,Medium,0.6842,too,3
American_US,Medium,0.9807,big,3
American_US,Medium,0.8712,air,3
American_US,Medium,1.0,project,7
American_US,Medium,1.0,so,2
American_US,Medium,1.0,i,1
American_US,Medium,0.5442,planned,7
American_US,Medium,0.9997,things,6
American_US,Medium,1.0,out,3
American_US,Medium,1.0,and,3
American_US,Medium,1.0,i,1
American_US,Medium,0.9523,decided,7
American_US,Medium,1.0,i,1
American_US,Medium,1.0,kind,4
American_US,Medium,1.0,of,2
American_US,Medium,1.0,had,3
American_US,Medium,1.0,to,2
American_US,Medium,1.0,go,2
American_US,Medium,1.0,something,9
American_US,Medium,1.0,like,4
American_US,Medium,1.0,this,4
American_US,Medium,1.0,this,4
American_US,Medium,1.0,is,2
American_US,Medium,1.0,how,3
American_US,Medium,0.9982,the,3
American_US,Medium,0.9819,year,4
American_US,Medium,0.9809,would,5
American_US,Medium,1.0,go,2
American_US,Medium,1.0,so,2
American_US,Medium,1.0,start,5
American_US,Medium,1.0,off,3
American_US,Medium,1.0,light,5
American_US,Medium,1.0,and,3
American_US,Medium,0.9896,bump,4
American_US,Medium,1.0,it,2
American_US,Medium,1.0,up,2
American_US,Medium,1.0,in,2
American_US,Medium,1.0,the,3
American_US,Medium,1.0,middle,6
American_US,Medium,1.0,months,6
American_US,Medium,1.0,and,3
American_US,Medium,1.0,then,4
American_US,Medium,1.0,at,2
American_US,Medium,1.0,the,3
American_US,Medium,1.0,end,3
American_US,Medium,1.0,i,1
American_US,Medium,1.0,would,5
American_US,Medium,1.0,kick,4
American_US,Medium,1.0,it,2
American_US,Medium,1.0,up,2
American_US,Medium,0.9996,into,4
American_US,Medium,1.0,high,4
American_US,Medium,1.0,gear,4
American_US,Medium,1.0,just,4
American_US,Medium,1.0,like,4
American_US,Medium,1.0,a,1
American_US,Medium,1.0,little,6
American_US,Medium,0.9976,staircase,9
American_US,Medium,1.0,how,3
American_US,Medium,1.0,hard,4
American_US,Medium,1.0,could,5
American_US,Medium,1.0,it,2
American_US,Medium,0.9992,be,2
American_US,Medium,0.865,to,2
American_US,Medium,1.0,walk,4
American_US,Medium,1.0,up,2
American_US,Medium,1.0,the,3
American_US,Medium,1.0,stairs,6
American_US,Medium,1.0,no,2
American_US,Medium,1.0,big,3
American_US,Medium,1.0,deal,4
American_US,Medium,0.9993,right,5
American_US,Medium,1.0,but,3
American_US,Medium,1.0,then,4
American_US,Medium,1.0,the,3
American_US,Medium,1.0,funniest,8
American_US,Medium,1.0,thing,5
American_US,Medium,1.0,happened,8
American_US,Medium,0.9932,those,5
American_US,Medium,1.0,first,5
American_US,Medium,1.0,few,3
American_US,Medium,1.0,months,6
American_US,Medium,1.0,they,4
American_US,Medium,1.0,came,4
American_US,Medium,1.0,and,3
American_US,Medium,1.0,went,4
American_US,Medium,1.0,and,3
American_US,Medium,1.0,i,1
American_US,Medium,1.0,quite,5
American_US,Medium,0.9978,do,2
American_US,Medium,1.0,stuff,5
American_US,Medium,1.0,so,2
American_US,Medium,1.0,we,2
American_US,Medium,1.0,had,3
American_US,Medium,1.0,an,2
American_US,Medium,1.0,awesome,7
American_US,Medium,0.9948,new,3
American_US,Medium,1.0,revised,7
American_US,Medium,1.0,plan,4
American_US,Medium,1.0,and,3
American_US,Medium,1.0,then,4
American_US,Medium,1.0,but,3
American_US,Medium,1.0,then,4
American_US,Medium,1.0,those,5
American_US,Medium,1.0,middle,6
American_US,Medium,0.9915,months,6
American_US,Medium,1.0,actually,8
American_US,Medium,1.0,went,4
American_US,Medium,1.0,by,2
American_US,Medium,1.0,and,3
American_US,Medium,1.0,i,1
American_US,Medium,0.9929,really,6
American_US,Medium,0.7933,write,5
American_US,Medium,1.0,words,5
American_US,Medium,1.0,and,3
American_US,Medium,1.0,so,2
American_US,Medium,1.0,we,2
American_US,Medium,1.0,were,4
American_US,Medium,0.9993,here,4
American_US,Medium,1.0,and,3
American_US,Medium,1.0,then,4
American_US,Medium,0.9921,two,3
American_US,Medium,0.9996,months,6
American_US,Medium,1.0,turned,6
American_US,Medium,1.0,into,4
American_US,Medium,1.0,one,3
American_US,Medium,0.9976,month,5
American_US,Medium,1.0,which,5
American_US,Medium,1.0,turned,6
American_US,Medium,1.0,into,4
American_US,Medium,0.9995,two,3
American_US,Medium,0.9999,weeks,5
American_US,Medium,1.0,and,3
American_US,Medium,1.0,one,3
American_US,Medium,1.0,day,3
American_US,Medium,1.0,i,1
American_US,Medium,1.0,woke,4
American_US,Medium,1.0,up,2
American_US,Medium,1.0,with,4
American_US,Medium,1.0,three,5
American_US,Medium,1.0,days,4
American_US,Medium,1.0,until,5
American_US,Medium,1.0,the,3
American_US,Medium,1.0,deadline,8
American_US,Medium,0.9988,still,5
American_US,Medium,1.0,not,3
American_US,Medium,1.0,having,6
American_US,Medium,1.0,written,7
American_US,Medium,0.9981,a,1
American_US,Medium,1.0,word,4
American_US,Medium,1.0,and,3
American_US,Medium,1.0,so,2
American_US,Medium,1.0,i,1
American_US,Medium,1.0,did,3
American_US,Medium,1.0,the,3
American_US,Medium,1.0,only,4
American_US,Medium,1.0,thing,5
American_US,Medium,1.0,i,1
American_US,Medium,1.0,could,5
American_US,Medium,0.9956,i,1
American_US,Medium,0.9997,wrote,5
American_US,Medium,1.0,90,2
American_US,Medium,0.9907,pages,5
American_US,Medium,1.0,over,4
American_US,Medium,1.0,72,2
American_US,Medium,1.0,hours,5
American_US,Medium,0.9994,pulling,7
American_US,Medium,1.0,not,3
American_US,Medium,1.0,one,3
American_US,Medium,1.0,but,3
American_US,Medium,0.9995,two,3
American_US,Medium,1.0,all,3
American_US,Medium,1.0,nighters,8
American_US,Medium,0.9729,humans,6
American_US,Medium,0.4818,air,3
American_US,Medium,1.0,not,3
American_US,Medium,1.0,supposed,8
American_US,Medium,1.0,to,2
American_US,Medium,1.0,pull,4
American_US,Medium,0.8551,two,3
American_US,Medium,1.0,all,3
American_US,Medium,1.0,nighters,8
American_US,Medium,1.0,sprinted,8
American_US,Medium,1.0,across,6
American_US,Medium,1.0,campus,6
American_US,Medium,0.8969,dub,3
American_US,Medium,0.9883,in,2
American_US,Medium,0.9985,slow,4
American_US,Medium,1.0,motion,6
American_US,Medium,1.0,and,3
American_US,Medium,0.9994,guided,6
American_US,Medium,0.9972,in,2
American_US,Medium,1.0,just,4
American_US,Medium,0.9411,a,1
American_US,Medium,0.9398,the,3
American_US,Medium,0.9987,deadline,8
American_US,Hard,0.999,learning,8
American_US,Hard,1.0,in,2
American_US,Hard,1.0,complex,7
American_US,Hard,0.973,domains,7
American_US,Hard,1.0,such,4
American_US,Hard,0.9939,as,2
American_US,Hard,1.0,science,7
American_US,Hard,1.0,and,3
American_US,Hard,1.0,engineering,11
American_US,Hard,1.0,or,2
American_US,Hard,1.0,making,6
American_US,Hard,0.9959,diagnoses,9
American_US,Hard,1.0,in,2
American_US,Hard,1.0,medicine,8
American_US,Hard,1.0,or,2
American_US,Hard,1.0,other,5
American_US,Hard,0.9997,fields,6
American_US,Hard,1.0,often,5
American_US,Hard,1.0,requires,8
American_US,Hard,1.0,that,4
American_US,Hard,0.9986,students,8
American_US,Hard,0.9865,bring,5
American_US,Hard,1.0,substantial,11
American_US,Hard,0.9987,amounts,7
American_US,Hard,1.0,of,2
American_US,Hard,0.9996,prior,5
American_US,Hard,1.0,learning,8
American_US,Hard,0.9947,to,2
American_US,Hard,0.9604,bear,4
American_US,Hard,1.0,in,2
American_US,Hard,0.9508,order,5
American_US,Hard,0.9505,to,2
American_US,Hard,0.9999,understand,10
American_US,Hard,0.9988,and,3
American_US,Hard,1.0,acquire,7
American_US,Hard,1.0,new,3
American_US,Hard,1.0,knowledge,9
American_US,Hard,0.9851,or,2
American_US,Hard,0.9976,solve,5
American_US,Hard,1.0,problems,8
American_US,Hard,0.9975,some,4
American_US,Hard,0.9973,prior,5
American_US,Hard,1.0,learning,8
American_US,Hard,0.6271,may,3
American_US,Hard,0.6271,be,2
American_US,Hard,0.9942,recalled,8
American_US,Hard,0.6443,imperfectly,11
American_US,Hard,0.9992,or,2
American_US,Hard,1.0,may,3
American_US,Hard,1.0,never,5
American_US,Hard,1.0,have,4
American_US,Hard,1.0,been,4
American_US,Hard,1.0,completely,10
American_US,Hard,0.9837,mastered,8
American_US,Hard,1.0,during,6
American_US,Hard,1.0,initial,7
American_US,Hard,1.0,acquisition,11
American_US,Hard,1.0,students,8
American_US,Hard,1.0,who,3
American_US,Hard,1.0,can,3
American_US,Hard,1.0,accurately,10
American_US,Hard,0.9901,distinguish,11
American_US,Hard,1.0,between,7
American_US,Hard,1.0,what,4
American_US,Hard,1.0,they,4
American_US,Hard,0.9971,know,4
American_US,Hard,1.0,and,3
American_US,Hard,1.0,do,2
American_US,Hard,1.0,not,3
American_US,Hard,0.9592,know,4
American_US,Hard,1.0,should,6
American_US,Hard,1.0,be,2
American_US,Hard,1.0,at,2
American_US,Hard,1.0,an,2
American_US,Hard,1.0,advantage,9
American_US,Hard,1.0,while,5
American_US,Hard,1.0,working,7
American_US,Hard,1.0,in,2
American_US,Hard,1.0,such,4
American_US,Hard,0.9995,domains,7
American_US,Hard,1.0,since,5
American_US,Hard,1.0,more,4
American_US,Hard,1.0,likely,6
American_US,Hard,1.0,to,2
American_US,Hard,0.9988,review,6
American_US,Hard,1.0,and,3
American_US,Hard,1.0,try,3
American_US,Hard,1.0,to,2
American_US,Hard,0.7603,relearn,7
American_US,Hard,0.6311,imperfectly,11
American_US,Hard,1.0,mastered,8
American_US,Hard,0.9995,materials,9
American_US,Hard,1.0,needed,6
American_US,Hard,1.0,for,3
American_US,Hard,1.0,particular,10
American_US,Hard,1.0,tasks,5
American_US,Hard,1.0,compared,8
American_US,Hard,1.0,with,4
American_US,Hard,1.0,those,5
American_US,Hard,1.0,who,3
American_US,Hard,1.0,are,3
American_US,Hard,1.0,less,4
American_US,Hard,1.0,accurate,8
American_US,Hard,0.6661,in,2
American_US,Hard,0.9991,estimating,10
American_US,Hard,0.9897,their,5
American_US,Hard,1.0,own,3
American_US,Hard,1.0,knowledge,9
American_US,Hard,1.0,in,2
American_US,Hard,1.0,view,4
American_US,Hard,1.0,of,2
American_US,Hard,1.0,the,3
American_US,Hard,1.0,fact,4
American_US,Hard,1.0,that,4
American_US,Hard,1.0,the,3
American_US,Hard,1.0,existing,8
American_US,Hard,1.0,knowledge,9
American_US,Hard,1.0,monitoring,10
American_US,Hard,0.9765,scores,6
American_US,Hard,1.0,accounted,9
American_US,Hard,1.0,for,3
American_US,Hard,1.0,little,6
American_US,Hard,0.5624,variance,8
American_US,Hard,0.8938,in,2
American_US,Hard,0.9928,science,7
American_US,Hard,0.9894,grades,6
American_US,Hard,1.0,it,2
American_US,Hard,1.0,would,5
American_US,Hard,1.0,be,2
American_US,Hard,1.0,useful,6
American_US,Hard,1.0,to,2
American_US,Hard,1.0,develop,7
American_US,Hard,0.9982,a,1
American_US,Hard,1.0,knowledge,9
American_US,Hard,1.0,monitoring,10
American_US,Hard,1.0,ability,7
American_US,Hard,1.0,procedure,9
American_US,Hard,1.0,in,2
American_US,Hard,1.0,the,3
American_US,Hard,0.9368,science,7
American_US,Hard,0.9859,domain,6
American_US,Hard,0.9987,to,2
American_US,Hard,0.9997,determine,9
American_US,Hard,0.9957,its,3
American_US,Hard,0.9987,relationship,12
American_US,Hard,0.9867,to,2
American_US,Hard,1.0,achievement,11
American_US,Hard,0.975,in,2
American_US,Hard,1.0,science,7
American_US,Hard,1.0,and,3
American_US,Hard,1.0,engineering,11
British_UK,Easy,1.0,the,3
British_UK,Easy,1.0,world,5
British_UK,Easy,1.0,needs,5
British_UK,Easy,0.9958,you,3
British_UK,Easy,0.9944,stop,4
British_UK,Easy,1.0,being,5
British_UK,Easy,1.0,boring,6
British_UK,Easy,1.0,yeah,4
British_UK,Easy,0.993,you,3
British_UK,Easy,1.0,boring,6
British_UK,Easy,1.0,is,2
British_UK,Easy,1.0,easy,4
British_UK,Easy,1.0,everybody,9
British_UK,Easy,0.9911,could,5
British_UK,Easy,0.9997,be,2
British_UK,Easy,1.0,boring,6
British_UK,Easy,1.0,whether,7
British_UK,Easy,1.0,good,4
British_UK,Easy,1.0,or,2
British_UK,Easy,1.0,not,3
British_UK,Easy,1.0,life,4
British_UK,Easy,1.0,is,2
British_UK,Easy,1.0,not,3
British_UK,Easy,1.0,a,1
British_UK,Easy,1.0,game,4
British_UK,Easy,1.0,people,6
British_UK,Easy,1.0,life,4
British_UK,Easy,1.0,a,1
British_UK,Easy,0.8262,serial,6
British_UK,Easy,1.0,either,6
British_UK,Easy,1.0,well,4
British_UK,Easy,1.0,it,2
British_UK,Easy,1.0,is,2
British_UK,Easy,0.9995,a,1
British_UK,Easy,0.8552,serial,6
British_UK,Easy,1.0,and,3
British_UK,Easy,1.0,if,2
British_UK,Easy,1.0,life,4
British_UK,Easy,1.0,was,3
British_UK,Easy,0.9985,a,1
British_UK,Easy,1.0,game,4
British_UK,Easy,0.9543,i,1
British_UK,Easy,0.9755,agree,5
British_UK,Easy,1.0,on,2
British_UK,Easy,1.0,the,3
British_UK,Easy,1.0,same,4
British_UK,Easy,1.0,team,4
British_UK,Easy,1.0,i,1
British_UK,Easy,1.0,mean,4
British_UK,Easy,1.0,really,6
British_UK,Easy,0.9466,right,5
British_UK,Easy,1.0,on,2
British_UK,Easy,1.0,your,4
British_UK,Easy,1.0,team,4
British_UK,Easy,0.5787,beyond,6
British_UK,Easy,1.0,my,2
British_UK,Easy,0.9999,team,4
British_UK,Easy,1.0,this,4
British_UK,Easy,1.0,is,2
British_UK,Easy,1.0,life,4
British_UK,Easy,1.0,people,6
British_UK,Easy,1.0,we,2
British_UK,Easy,1.0,got,3
British_UK,Easy,0.5649,there,5
British_UK,Easy,1.0,coming,6
British_UK,Easy,1.0,through,7
British_UK,Easy,0.9927,your,4
British_UK,Easy,0.9995,nose,4
British_UK,Easy,1.0,a,1
British_UK,Easy,1.0,poem,4
British_UK,Easy,1.0,two,3
British_UK,Easy,1.0,roads,5
British_UK,Easy,0.9968,diverged,8
British_UK,Easy,1.0,in,2
British_UK,Easy,1.0,the,3
British_UK,Easy,0.9999,woods,5
British_UK,Easy,1.0,and,3
British_UK,Easy,1.0,i,1
British_UK,Easy,1.0,took,4
British_UK,Easy,1.0,the,3
British_UK,Easy,1.0,road,4
British_UK,Easy,1.0,less,4
British_UK,Easy,1.0,traveled,8
British_UK,Easy,0.9913,and,3
British_UK,Easy,0.9968,it,2
British_UK,Easy,1.0,hurt,4
British_UK,Easy,0.9982,man,3
British_UK,Easy,1.0,really,6
British_UK,Easy,1.0,bad,3
British_UK,Easy,0.9236,rocks,5
British_UK,Easy,0.8185,thorns,6
British_UK,Easy,0.931,and,3
British_UK,Easy,1.0,glass,5
British_UK,Easy,0.9998,not,3
British_UK,Easy,0.4307,cool,4
British_UK,Easy,1.0,robert,6
British_UK,Easy,1.0,frost,5
British_UK,Easy,1.0,but,3
British_UK,Easy,1.0,what,4
British_UK,Easy,1.0,if,2
British_UK,Easy,0.9989,there,5
British_UK,Easy,0.6419,really,6
British_UK,Easy,1.0,were,4
British_UK,Easy,0.9845,two,3
British_UK,Easy,0.9809,parts,5
British_UK,Easy,1.0,i,1
British_UK,Easy,1.0,want,4
British_UK,Easy,1.0,to,2
British_UK,Easy,1.0,be,2
British_UK,Easy,1.0,in,2
British_UK,Easy,1.0,the,3
British_UK,Easy,0.9992,one,3
British_UK,Easy,1.0,that,4
British_UK,Easy,1.0,leads,5
British_UK,Easy,0.9542,to,2
British_UK,Easy,0.9982,awesome,7
British_UK,Easy,1.0,like,4
British_UK,Easy,1.0,that,4
British_UK,Easy,0.8322,do,2
British_UK,Easy,1.0,journey,7
British_UK,Easy,1.0,said,4
British_UK,Easy,0.9989,stop,4
British_UK,Easy,1.0,believing,9
British_UK,Easy,1.0,unless,6
British_UK,Easy,0.9992,your,4
British_UK,Easy,1.0,dream,5
British_UK,Easy,0.9986,is,2
British_UK,Easy,0.9953,stupid,6
British_UK,Easy,1.0,then,4
British_UK,Easy,1.0,you,3
British_UK,Easy,1.0,should,6
British_UK,Easy,1.0,give,4
British_UK,Easy,1.0,up,2
British_UK,Easy,1.0,your,4
British_UK,Easy,1.0,dream,5
British_UK,Easy,1.0,i,1
British_UK,Easy,1.0,think,5
British_UK,Easy,1.0,how,3
British_UK,Easy,1.0,it,2
British_UK,Easy,1.0,goes,4
British_UK,Easy,0.9029,you,3
British_UK,Easy,1.0,better,6
British_UK,Easy,1.0,dream,5
British_UK,Easy,0.9891,to,2
British_UK,Easy,1.0,keep,4
British_UK,Easy,1.0,going,5
British_UK,Easy,1.0,keep,4
British_UK,Easy,1.0,going,5
British_UK,Easy,1.0,keep,4
British_UK,Easy,1.0,going,5
British_UK,Easy,1.0,and,3
British_UK,Easy,1.0,keep,4
British_UK,Easy,1.0,going,5
British_UK,Easy,1.0,what,4
British_UK,Easy,1.0,if,2
British_UK,Easy,1.0,michael,7
British_UK,Easy,1.0,jordan,6
British_UK,Easy,1.0,had,3
British_UK,Easy,0.9993,quit,4
British_UK,Easy,1.0,well,4
British_UK,Easy,1.0,he,2
British_UK,Easy,1.0,did,3
British_UK,Easy,1.0,quit,4
British_UK,Easy,0.8255,no,2
British_UK,Easy,1.0,he,2
British_UK,Easy,0.9965,retired,7
British_UK,Easy,1.0,yeah,4
British_UK,Easy,1.0,yes,3
British_UK,Easy,1.0,he,2
British_UK,Easy,0.9966,retired,7
British_UK,Easy,1.0,but,3
British_UK,Easy,1.0,before,6
British_UK,Easy,1.0,that,4
British_UK,Easy,1.0,in,2
British_UK,Easy,1.0,high,4
British_UK,Easy,1.0,school,6
British_UK,Easy,1.0,what,4
British_UK,Easy,1.0,if,2
British_UK,Easy,1.0,he,2
British_UK,Easy,0.9994,quit,4
British_UK,Easy,1.0,when,4
British_UK,Easy,1.0,he,2
British_UK,Easy,1.0,make,4
British_UK,Easy,1.0,the,3
British_UK,Easy,1.0,team,4
British_UK,Easy,1.0,he,2
British_UK,Easy,1.0,would,5
British_UK,Easy,1.0,never,5
British_UK,Easy,0.9977,make,4
British_UK,Easy,1.0,space,5
British_UK,Easy,0.9997,jam,3
British_UK,Easy,1.0,and,3
British_UK,Easy,0.9968,i,1
British_UK,Easy,0.9683,love,4
British_UK,Easy,1.0,space,5
British_UK,Easy,0.9999,jam,3
British_UK,Easy,1.0,what,4
British_UK,Easy,1.0,will,4
British_UK,Easy,1.0,be,2
British_UK,Easy,1.0,your,4
British_UK,Easy,1.0,space,5
British_UK,Easy,0.9999,jam,3
British_UK,Easy,1.0,what,4
British_UK,Easy,1.0,will,4
British_UK,Easy,1.0,you,3
British_UK,Easy,1.0,create,6
British_UK,Easy,0.9985,to,2
British_UK,Easy,1.0,make,4
British_UK,Easy,1.0,the,3
British_UK,Easy,1.0,world,5
British_UK,Easy,1.0,awesome,7
British_UK,Easy,1.0,nothing,7
British_UK,Easy,1.0,if,2
British_UK,Easy,0.9714,you,3
British_UK,Easy,0.9992,keep,4
British_UK,Easy,1.0,sitting,7
British_UK,Easy,0.9937,there,5
British_UK,Easy,1.0,why,3
British_UK,Easy,1.0,talking,7
British_UK,Easy,1.0,to,2
British_UK,Easy,1.0,you,3
British_UK,Easy,1.0,today,5
British_UK,Easy,1.0,this,4
British_UK,Easy,1.0,is,2
British_UK,Easy,1.0,your,4
British_UK,Easy,1.0,time,4
British_UK,Easy,1.0,this,4
British_UK,Easy,1.0,is,2
British_UK,Easy,1.0,my,2
British_UK,Easy,1.0,time,4
British_UK,Easy,0.9981,our,3
British_UK,Easy,1.0,time,4
British_UK,Easy,1.0,we,2
British_UK,Easy,0.97,can,3
British_UK,Easy,1.0,make,4
British_UK,Easy,0.5874,every,5
British_UK,Easy,0.5874,day,3
British_UK,Easy,1.0,better,6
British_UK,Easy,1.0,for,3
British_UK,Easy,1.0,each,4
British_UK,Easy,1.0,other,5
British_UK,Easy,1.0,if,2
British_UK,Easy,0.7507,we,2
British_UK,Easy,0.7357,are,3
British_UK,Easy,1.0,all,3
British_UK,Easy,1.0,on,2
British_UK,Easy,1.0,the,3
British_UK,Easy,1.0,same,4
British_UK,Easy,1.0,team,4
British_UK,Easy,1.0,start,5
British_UK,Easy,1.0,acting,6
British_UK,Easy,1.0,like,4
British_UK,Easy,1.0,it,2
British_UK,Easy,0.9995,we,2
British_UK,Easy,1.0,got,3
British_UK,Easy,1.0,work,4
British_UK,Easy,1.0,to,2
British_UK,Easy,0.7553,dio,3
British_UK,Easy,1.0,we,2
British_UK,Easy,1.0,can,3
British_UK,Easy,1.0,cry,3
British_UK,Easy,0.9896,about,5
British_UK,Easy,1.0,it,2
British_UK,Easy,1.0,or,2
British_UK,Easy,0.6656,we,2
British_UK,Easy,0.6656,can,3
British_UK,Easy,0.9981,dance,5
British_UK,Easy,0.9991,about,5
British_UK,Easy,1.0,it,2
British_UK,Easy,1.0,we,2
British_UK,Easy,1.0,were,4
British_UK,Easy,1.0,made,4
British_UK,Easy,1.0,to,2
British_UK,Easy,0.9999,be,2
British_UK,Easy,1.0,awesome,7
British_UK,Easy,1.0,get,3
British_UK,Easy,1.0,out,3
British_UK,Easy,0.9963,there,5
British_UK,Easy,1.0,i,1
British_UK,Easy,1.0,know,4
British_UK,Easy,0.999,everything,10
British_UK,Easy,1.0,just,4
British_UK,Easy,1.0,a,1
British_UK,Easy,1.0,kid,3
British_UK,Easy,1.0,but,3
British_UK,Easy,1.0,i,1
British_UK,Easy,0.9987,know,4
British_UK,Easy,1.0,this,4
British_UK,Easy,1.0,duty,4
British_UK,Easy,1.0,to,2
British_UK,Easy,1.0,give,4
British_UK,Easy,1.0,the,3
British_UK,Easy,1.0,world,5
British_UK,Easy,0.9362,a,1
British_UK,Easy,1.0,reason,6
British_UK,Easy,0.9978,to,2
British_UK,Easy,0.9972,dance,5
British_UK,Easy,1.0,so,2
British_UK,Easy,1.0,get,3
British_UK,Easy,0.9998,to,2
British_UK,Easy,1.0,it,2
British_UK,Medium,1.0,but,3
British_UK,Medium,1.0,then,4
British_UK,Medium,1.0,came,4
British_UK,Medium,0.9963,my,2
British_UK,Medium,0.9996,90,2
British_UK,Medium,0.9833,page,4
British_UK,Medium,0.9987,senior,6
British_UK,Medium,1.0,thesis,6
British_UK,Medium,0.8717,of,2
British_UK,Medium,1.0,paper,5
British_UK,Medium,1.0,supposed,8
British_UK,Medium,1.0,to,2
British_UK,Medium,1.0,spend,5
British_UK,Medium,1.0,a,1
British_UK,Medium,1.0,year,4
British_UK,Medium,1.0,on,2
British_UK,Medium,0.9992,and,3
British_UK,Medium,1.0,i,1
British_UK,Medium,1.0,knew,4
British_UK,Medium,1.0,for,3
British_UK,Medium,1.0,a,1
British_UK,Medium,1.0,paper,5
British_UK,Medium,1.0,like,4
British_UK,Medium,1.0,that,4
British_UK,Medium,1.0,my,2
British_UK,Medium,1.0,normal,6
British_UK,Medium,0.7452,workflow,8
British_UK,Medium,1.0,was,3
British_UK,Medium,1.0,not,3
British_UK,Medium,1.0,an,2
British_UK,Medium,1.0,option,6
British_UK,Medium,1.0,it,2
British_UK,Medium,1.0,was,3
British_UK,Medium,1.0,way,3
British_UK,Medium,0.8844,too,3
British_UK,Medium,0.9957,bigger,6
British_UK,Medium,1.0,project,7
British_UK,Medium,1.0,so,2
British_UK,Medium,1.0,i,1
British_UK,Medium,0.9973,plan,4
British_UK,Medium,1.0,things,6
British_UK,Medium,1.0,out,3
British_UK,Medium,1.0,and,3
British_UK,Medium,1.0,i,1
British_UK,Medium,1.0,decided,7
British_UK,Medium,1.0,i,1
British_UK,Medium,1.0,kind,4
British_UK,Medium,1.0,of,2
British_UK,Medium,0.9937,had,3
British_UK,Medium,1.0,to,2
British_UK,Medium,1.0,go,2
British_UK,Medium,1.0,something,9
British_UK,Medium,1.0,like,4
British_UK,Medium,1.0,this,4
British_UK,Medium,1.0,this,4
British_UK,Medium,1.0,is,2
British_UK,Medium,1.0,how,3
British_UK,Medium,1.0,the,3
British_UK,Medium,0.9811,year,4
British_UK,Medium,0.9801,would,5
British_UK,Medium,1.0,go,2
British_UK,Medium,1.0,so,2
British_UK,Medium,1.0,start,5
British_UK,Medium,1.0,off,3
British_UK,Medium,0.9996,light,5
British_UK,Medium,1.0,and,3
British_UK,Medium,0.9972,bump,4
British_UK,Medium,1.0,it,2
British_UK,Medium,1.0,up,2
British_UK,Medium,1.0,in,2
British_UK,Medium,1.0,the,3
British_UK,Medium,1.0,middle,6
British_UK,Medium,1.0,months,6
British_UK,Medium,1.0,and,3
British_UK,Medium,1.0,then,4
British_UK,Medium,1.0,at,2
British_UK,Medium,1.0,the,3
British_UK,Medium,1.0,end,3
British_UK,Medium,1.0,i,1
British_UK,Medium,1.0,would,5
British_UK,Medium,1.0,kick,4
British_UK,Medium,1.0,it,2
British_UK,Medium,1.0,up,2
British_UK,Medium,1.0,into,4
British_UK,Medium,1.0,high,4
British_UK,Medium,1.0,gear,4
British_UK,Medium,1.0,just,4
British_UK,Medium,1.0,like,4
British_UK,Medium,1.0,a,1
British_UK,Medium,1.0,little,6
British_UK,Medium,0.9972,staircase,9
British_UK,Medium,1.0,how,3
British_UK,Medium,1.0,hard,4
British_UK,Medium,1.0,could,5
British_UK,Medium,1.0,it,2
British_UK,Medium,0.9988,be,2
British_UK,Medium,0.8066,to,2
British_UK,Medium,1.0,walk,4
British_UK,Medium,1.0,up,2
British_UK,Medium,1.0,the,3
British_UK,Medium,1.0,stairs,6
British_UK,Medium,1.0,no,2
British_UK,Medium,1.0,big,3
British_UK,Medium,1.0,deal,4
British_UK,Medium,0.9993,right,5
British_UK,Medium,1.0,but,3
British_UK,Medium,1.0,then,4
British_UK,Medium,1.0,the,3
British_UK,Medium,1.0,funniest,8
British_UK,Medium,1.0,thing,5
British_UK,Medium,1.0,happened,8
British_UK,Medium,1.0,those,5
British_UK,Medium,1.0,first,5
British_UK,Medium,1.0,few,3
British_UK,Medium,1.0,months,6
British_UK,Medium,1.0,they,4
British_UK,Medium,1.0,came,4
British_UK,Medium,1.0,and,3
British_UK,Medium,1.0,went,4
British_UK,Medium,1.0,and,3
British_UK,Medium,1.0,i,1
British_UK,Medium,1.0,quite,5
British_UK,Medium,0.9856,do,2
British_UK,Medium,1.0,stuff,5
British_UK,Medium,1.0,so,2
British_UK,Medium,1.0,we,2
British_UK,Medium,1.0,had,3
British_UK,Medium,1.0,an,2
British_UK,Medium,1.0,awesome,7
British_UK,Medium,0.9948,new,3
British_UK,Medium,1.0,revised,7
British_UK,Medium,1.0,plan,4
British_UK,Medium,1.0,and,3
British_UK,Medium,1.0,then,4
British_UK,Medium,1.0,but,3
British_UK,Medium,0.999,then,4
British_UK,Medium,0.9635,those,5
British_UK,Medium,1.0,middle,6
British_UK,Medium,0.9915,months,6
British_UK,Medium,1.0,actually,8
British_UK,Medium,1.0,went,4
British_UK,Medium,1.0,by,2
British_UK,Medium,1.0,and,3
British_UK,Medium,1.0,i,1
British_UK,Medium,0.8443,really,6
British_UK,Medium,0.8593,write,5
British_UK,Medium,1.0,words,5
British_UK,Medium,1.0,and,3
British_UK,Medium,1.0,so,2
British_UK,Medium,1.0,we,2
British_UK,Medium,0.9986,were,4
British_UK,Medium,0.9993,here,4
British_UK,Medium,1.0,and,3
British_UK,Medium,1.0,then,4
British_UK,Medium,0.992,two,3
British_UK,Medium,0.9996,months,6
British_UK,Medium,1.0,turned,6
British_UK,Medium,1.0,into,4
British_UK,Medium,1.0,one,3
British_UK,Medium,1.0,month,5
British_UK,Medium,1.0,which,5
British_UK,Medium,1.0,turned,6
British_UK,Medium,1.0,into,4
British_UK,Medium,0.9995,two,3
British_UK,Medium,0.9999,weeks,5
British_UK,Medium,0.9104,and,3
British_UK,Medium,1.0,one,3
British_UK,Medium,1.0,day,3
British_UK,Medium,1.0,i,1
British_UK,Medium,1.0,woke,4
British_UK,Medium,1.0,up,2
British_UK,Medium,1.0,with,4
British_UK,Medium,1.0,three,5
British_UK,Medium,1.0,days,4
British_UK,Medium,1.0,until,5
British_UK,Medium,1.0,the,3
British_UK,Medium,1.0,deadline,8
British_UK,Medium,0.9988,still,5
British_UK,Medium,1.0,not,3
British_UK,Medium,1.0,having,6
British_UK,Medium,1.0,written,7
British_UK,Medium,1.0,a,1
British_UK,Medium,1.0,word,4
British_UK,Medium,0.9956,and,3
British_UK,Medium,0.9974,so,2
British_UK,Medium,1.0,i,1
British_UK,Medium,1.0,did,3
British_UK,Medium,1.0,the,3
British_UK,Medium,1.0,only,4
British_UK,Medium,1.0,thing,5
British_UK,Medium,1.0,i,1
British_UK,Medium,1.0,could,5
British_UK,Medium,0.9997,i,1
British_UK,Medium,1.0,wrote,5
British_UK,Medium,1.0,90,2
British_UK,Medium,0.9907,pages,5
British_UK,Medium,1.0,over,4
British_UK,Medium,1.0,72,2
British_UK,Medium,1.0,hours,5
British_UK,Medium,1.0,pulling,7
British_UK,Medium,1.0,not,3
British_UK,Medium,1.0,one,3
British_UK,Medium,1.0,but,3
British_UK,Medium,0.9995,two,3
British_UK,Medium,1.0,all,3
British_UK,Medium,1.0,nighters,8
British_UK,Medium,0.9895,humans,6
British_UK,Medium,0.6852,are,3
British_UK,Medium,1.0,not,3
British_UK,Medium,1.0,supposed,8
British_UK,Medium,1.0,to,2
British_UK,Medium,1.0,pull,4
British_UK,Medium,0.8552,two,3
British_UK,Medium,1.0,all,3
British_UK,Medium,1.0,nighters,8
British_UK,Medium,1.0,sprinted,8
British_UK,Medium,1.0,across,6
British_UK,Medium,1.0,campus,6
British_UK,Medium,0.984,dove,4
British_UK,Medium,1.0,in,2
British_UK,Medium,0.9985,slow,4
British_UK,Medium,1.0,motion,6
British_UK,Medium,0.9985,and,3
British_UK,Medium,1.0,got,3
British_UK,Medium,1.0,it,2
British_UK,Medium,1.0,in,2
British_UK,Medium,1.0,just,4
British_UK,Medium,0.9699,a,1
British_UK,Medium,0.9923,the,3
British_UK,Medium,0.9985,deadline,8
British_UK,Hard,0.999,learning,8
British_UK,Hard,1.0,in,2
British_UK,Hard,1.0,complex,7
British_UK,Hard,0.9745,domains,7
British_UK,Hard,1.0,such,4
British_UK,Hard,0.6472,as,2
British_UK,Hard,1.0,science,7
British_UK,Hard,1.0,and,3
British_UK,Hard,1.0,engineering,11
British_UK,Hard,1.0,or,2
British_UK,Hard,1.0,making,6
British_UK,Hard,0.9955,diagnoses,9
British_UK,Hard,1.0,in,2
British_UK,Hard,1.0,medicine,8
British_UK,Hard,1.0,or,2
British_UK,Hard,1.0,other,5
British_UK,Hard,0.9997,fields,6
British_UK,Hard,1.0,often,5
British_UK,Hard,0.9997,requires,8
British_UK,Hard,1.0,that,4
British_UK,Hard,0.9985,students,8
British_UK,Hard,0.9502,bring,5
British_UK,Hard,1.0,substantial,11
British_UK,Hard,1.0,amounts,7
British_UK,Hard,1.0,of,2
British_UK,Hard,0.9996,prior,5
British_UK,Hard,1.0,learning,8
British_UK,Hard,0.9945,to,2
British_UK,Hard,0.9583,bear,4
British_UK,Hard,1.0,in,2
British_UK,Hard,1.0,order,5
British_UK,Hard,1.0,to,2
British_UK,Hard,1.0,understand,10
British_UK,Hard,0.9993,and,3
British_UK,Hard,0.9862,acquire,7
British_UK,Hard,1.0,new,3
British_UK,Hard,1.0,knowledge,9
British_UK,Hard,1.0,or,2
British_UK,Hard,0.999,solve,5
British_UK,Hard,1.0,problems,8
British_UK,Hard,0.9975,some,4
British_UK,Hard,0.9973,prior,5
British_UK,Hard,1.0,learning,8
British_UK,Hard,0.6274,may,3
British_UK,Hard,0.6274,be,2
British_UK,Hard,0.9952,recalled,8
British_UK,Hard,0.266,on,2
British_UK,Hard,0.7873,perfectly,9
British_UK,Hard,0.9994,or,2
British_UK,Hard,1.0,may,3
British_UK,Hard,1.0,never,5
British_UK,Hard,1.0,have,4
British_UK,Hard,0.9366,bean,4
British_UK,Hard,1.0,completely,10
British_UK,Hard,0.9669,mastered,8
British_UK,Hard,0.518,during,6
British_UK,Hard,1.0,initial,7
British_UK,Hard,1.0,acquisition,11
British_UK,Hard,1.0,students,8
British_UK,Hard,1.0,who,3
British_UK,Hard,1.0,can,3
British_UK,Hard,1.0,accurately,10
British_UK,Hard,0.9754,distinguish,11
British_UK,Hard,1.0,between,7
British_UK,Hard,1.0,what,4
British_UK,Hard,1.0,they,4
British_UK,Hard,0.9971,know,4
British_UK,Hard,1.0,and,3
British_UK,Hard,1.0,do,2
British_UK,Hard,1.0,not,3
British_UK,Hard,1.0,know,4
British_UK,Hard,1.0,should,6
British_UK,Hard,1.0,be,2
British_UK,Hard,1.0,it,2
British_UK,Hard,0.9995,an,2
British_UK,Hard,1.0,advantage,9
British_UK,Hard,1.0,while,5
British_UK,Hard,1.0,working,7
British_UK,Hard,1.0,in,2
British_UK,Hard,1.0,such,4
British_UK,Hard,0.9995,domains,7
British_UK,Hard,1.0,since,5
British_UK,Hard,1.0,they,4
British_UK,Hard,1.0,are,3
British_UK,Hard,1.0,more,4
British_UK,Hard,1.0,likely,6
British_UK,Hard,1.0,to,2
British_UK,Hard,0.9988,review,6
British_UK,Hard,1.0,and,3
British_UK,Hard,0.9983,try,3
British_UK,Hard,1.0,to,2
British_UK,Hard,0.7806,relearn,7
British_UK,Hard,0.8584,imperfectly,11
British_UK,Hard,0.9964,mastered,8
British_UK,Hard,0.9995,materials,9
British_UK,Hard,1.0,needed,6
British_UK,Hard,1.0,for,3
British_UK,Hard,1.0,particular,10
British_UK,Hard,1.0,tasks,5
British_UK,Hard,1.0,compared,8
British_UK,Hard,1.0,with,4
British_UK,Hard,1.0,those,5
British_UK,Hard,1.0,who,3
British_UK,Hard,0.9974,are,3
British_UK,Hard,1.0,less,4
British_UK,Hard,1.0,accurate,8
British_UK,Hard,0.9997,in,2
British_UK,Hard,1.0,estimating,10
British_UK,Hard,0.9897,their,5
British_UK,Hard,1.0,own,3
British_UK,Hard,1.0,knowledge,9
British_UK,Hard,1.0,in,2
British_UK,Hard,1.0,view,4
British_UK,Hard,1.0,of,2
British_UK,Hard,1.0,the,3
British_UK,Hard,1.0,fact,4
British_UK,Hard,1.0,that,4
British_UK,Hard,1.0,the,3
British_UK,Hard,1.0,existing,8
British_UK,Hard,1.0,knowledge,9
British_UK,Hard,1.0,monitoring,10
British_UK,Hard,0.7831,scores,6
British_UK,Hard,1.0,accounted,9
British_UK,Hard,1.0,for,3
British_UK,Hard,1.0,little,6
British_UK,Hard,0.6622,variance,8
British_UK,Hard,1.0,in,2
British_UK,Hard,0.9933,science,7
British_UK,Hard,0.9894,grades,6
British_UK,Hard,1.0,it,2
British_UK,Hard,1.0,would,5
British_UK,Hard,1.0,be,2
British_UK,Hard,1.0,useful,6
British_UK,Hard,1.0,to,2
British_UK,Hard,1.0,develop,7
British_UK,Hard,0.7327,the,3
British_UK,Hard,1.0,knowledge,9
British_UK,Hard,1.0,monitoring,10
British_UK,Hard,1.0,ability,7
British_UK,Hard,1.0,procedure,9
British_UK,Hard,1.0,in,2
British_UK,Hard,1.0,the,3
British_UK,Hard,0.9368,science,7
British_UK,Hard,0.9859,domain,6
British_UK,Hard,0.9988,to,2
British_UK,Hard,1.0,determine,9
British_UK,Hard,0.9957,its,3
British_UK,Hard,0.9547,relationship,12
British_UK,Hard,0.9867,to,2
British_UK,Hard,0.9939,achievement,11
British_UK,Hard,1.0,in,2
British_UK,Hard,1.0,science,7
British_UK,Hard,1.0,and,3
British_UK,Hard,1.0,engineering,11
Chinese,Easy,1.0,the,3
Chinese,Easy,1.0,world,5
Chinese,Easy,1.0,needs,5
Chinese,Easy,0.9961,you,3
Chinese,Easy,0.9382,stop,4
Chinese,Easy,1.0,being,5
Chinese,Easy,0.671,foreign,7
Chinese,Easy,0.9921,yet,3
Chinese,Easy,0.9696,you,3
Chinese,Easy,0.9665,foreign,7
Chinese,Easy,1.0,is,2
Chinese,Easy,1.0,easy,4
Chinese,Easy,0.9992,everybody,9
Chinese,Easy,1.0,can,3
Chinese,Easy,1.0,be,2
Chinese,Easy,0.9682,boring,6
Chinese,Easy,0.9367,whether,7
Chinese,Easy,0.8651,your,4
Chinese,Easy,0.9889,food,4
Chinese,Easy,1.0,or,2
Chinese,Easy,1.0,not,3
Chinese,Easy,1.0,life,4
Chinese,Easy,1.0,is,2
Chinese,Easy,1.0,not,3
Chinese,Easy,1.0,a,1
Chinese,Easy,1.0,game,4
Chinese,Easy,1.0,people,6
Chinese,Easy,1.0,life,4
Chinese,Easy,1.0,is,2
Chinese,Easy,0.9992,and,3
Chinese,Easy,0.6509,take,4
Chinese,Easy,0.5996,serial,6
Chinese,Easy,1.0,either,6
Chinese,Easy,1.0,well,4
Chinese,Easy,0.9846,you,3
Chinese,Easy,0.3844,accused,7
Chinese,Easy,0.4763,a,1
Chinese,Easy,0.5017,serial,6
Chinese,Easy,1.0,and,3
Chinese,Easy,1.0,if,2
Chinese,Easy,1.0,life,4
Chinese,Easy,0.9981,once,4
Chinese,Easy,1.0,again,5
Chinese,Easy,1.0,we,2
Chinese,Easy,0.9945,on,2
Chinese,Easy,1.0,the,3
Chinese,Easy,1.0,same,4
Chinese,Easy,0.9681,team,4
Chinese,Easy,1.0,i,1
Chinese,Easy,1.0,mean,4
Chinese,Easy,0.9928,really,6
Chinese,Easy,0.9465,right,5
Chinese,Easy,0.9971,among,5
Chinese,Easy,1.0,your,4
Chinese,Easy,0.9995,team,4
Chinese,Easy,0.599,be,2
Chinese,Easy,0.8437,on,2
Chinese,Easy,1.0,19,2
Chinese,Easy,1.0,this,4
Chinese,Easy,1.0,is,2
Chinese,Easy,1.0,life,4
Chinese,Easy,1.0,people,6
Chinese,Easy,1.0,we,2
Chinese,Easy,1.0,got,3
Chinese,Easy,1.0,air,3
Chinese,Easy,1.0,coming,6
Chinese,Easy,1.0,through,7
Chinese,Easy,1.0,your,4
Chinese,Easy,0.9998,nose,4
Chinese,Easy,1.0,april,5
Chinese,Easy,1.0,and,3
Chinese,Easy,0.8211,two,3
Chinese,Easy,0.8937,roads,5
Chinese,Easy,0.852,diverting,9
Chinese,Easy,1.0,the,3
Chinese,Easy,0.9793,woods,5
Chinese,Easy,1.0,and,3
Chinese,Easy,0.9922,i,1
Chinese,Easy,0.8202,trooped,7
Chinese,Easy,0.9513,the,3
Chinese,Easy,0.7048,role,4
Chinese,Easy,0.9518,less,4
Chinese,Easy,0.8893,travel,6
Chinese,Easy,1.0,and,3
Chinese,Easy,0.8937,it,2
Chinese,Easy,0.9442,hurt,4
Chinese,Easy,0.9915,man,3
Chinese,Easy,0.9973,really,6
Chinese,Easy,1.0,bad,3
Chinese,Easy,0.7282,rocks,5
Chinese,Easy,0.5823,spoons,6
Chinese,Easy,1.0,and,3
Chinese,Easy,0.9315,bless,5
Chinese,Easy,0.9978,not,3
Chinese,Easy,0.6348,pull,4
Chinese,Easy,1.0,robert,6
Chinese,Easy,1.0,frost,5
Chinese,Easy,0.999,but,3
Chinese,Easy,1.0,what,4
Chinese,Easy,1.0,if,2
Chinese,Easy,0.9964,there,5
Chinese,Easy,1.0,really,6
Chinese,Easy,1.0,were,4
Chinese,Easy,0.6855,two,3
Chinese,Easy,0.9797,pants,5
Chinese,Easy,1.0,i,1
Chinese,Easy,0.9987,want,4
Chinese,Easy,1.0,to,2
Chinese,Easy,0.5826,be,2
Chinese,Easy,0.5823,in,2
Chinese,Easy,1.0,the,3
Chinese,Easy,0.9996,one,3
Chinese,Easy,1.0,that,4
Chinese,Easy,0.5952,leaves,6
Chinese,Easy,0.5749,thio,4
Chinese,Easy,0.971,awesome,7
Chinese,Easy,1.0,like,4
Chinese,Easy,1.0,that,4
Chinese,Easy,1.0,journey,7
Chinese,Easy,1.0,said,4
Chinese,Easy,1.0,stop,4
Chinese,Easy,0.9961,believing,9
Chinese,Easy,1.0,unless,6
Chinese,Easy,1.0,your,4
Chinese,Easy,0.9752,dream,5
Chinese,Easy,0.9778,is,2
Chinese,Easy,0.9954,stupid,6
Chinese,Easy,1.0,then,4
Chinese,Easy,1.0,you,3
Chinese,Easy,1.0,should,6
Chinese,Easy,1.0,give,4
Chinese,Easy,1.0,up,2
Chinese,Easy,1.0,your,4
Chinese,Easy,0.5648,dream,5
Chinese,Easy,1.0,i,1
Chinese,Easy,1.0,think,5
Chinese,Easy,1.0,how,3
Chinese,Easy,1.0,it,2
Chinese,Easy,1.0,goes,4
Chinese,Easy,0.9918,you,3
Chinese,Easy,1.0,better,6
Chinese,Easy,0.9969,dream,5
Chinese,Easy,0.9974,to,2
Chinese,Easy,1.0,keep,4
Chinese,Easy,0.9998,going,5
Chinese,Easy,1.0,keep,4
Chinese,Easy,1.0,going,5
Chinese,Easy,1.0,keep,4
Chinese,Easy,1.0,going,5
Chinese,Easy,1.0,and,3
Chinese,Easy,1.0,keep,4
Chinese,Easy,1.0,going,5
Chinese,Easy,1.0,what,4
Chinese,Easy,1.0,if,2
Chinese,Easy,1.0,michael,7
Chinese,Easy,0.9557,jordan,6
Chinese,Easy,0.8058,head,4
Chinese,Easy,0.5741,quit,4
Chinese,Easy,1.0,well,4
Chinese,Easy,0.9644,pretty,6
Chinese,Easy,0.9537,quick,5
Chinese,Easy,0.5737,no,2
Chinese,Easy,1.0,he,2
Chinese,Easy,0.9379,retired,7
Chinese,Easy,1.0,yeah,4
Chinese,Easy,1.0,yes,3
Chinese,Easy,1.0,he,2
Chinese,Easy,0.9424,retired,7
Chinese,Easy,0.569,papa,4
Chinese,Easy,0.9373,for,3
Chinese,Easy,1.0,that,4
Chinese,Easy,1.0,in,2
Chinese,Easy,1.0,high,4
Chinese,Easy,0.9993,school,6
Chinese,Easy,1.0,what,4
Chinese,Easy,1.0,if,2
Chinese,Easy,0.9964,he,2
Chinese,Easy,0.7917,quit,4
Chinese,Easy,1.0,when,4
Chinese,Easy,1.0,he,2
Chinese,Easy,1.0,make,4
Chinese,Easy,1.0,the,3
Chinese,Easy,1.0,team,4
Chinese,Easy,1.0,he,2
Chinese,Easy,0.5533,would,5
Chinese,Easy,1.0,never,5
Chinese,Easy,0.9934,make,4
Chinese,Easy,1.0,space,5
Chinese,Easy,0.5691,jam,3
Chinese,Easy,0.9868,and,3
Chinese,Easy,0.6407,nile,4
Chinese,Easy,0.8021,off,3
Chinese,Easy,1.0,space,5
Chinese,Easy,0.8479,jam,3
Chinese,Easy,1.0,what,4
Chinese,Easy,1.0,will,4
Chinese,Easy,1.0,be,2
Chinese,Easy,1.0,your,4
Chinese,Easy,1.0,space,5
Chinese,Easy,0.2701,gin,3
Chinese,Easy,1.0,what,4
Chinese,Easy,1.0,will,4
Chinese,Easy,1.0,you,3
Chinese,Easy,1.0,create,6
Chinese,Easy,0.9985,to,2
Chinese,Easy,1.0,make,4
Chinese,Easy,1.0,the,3
Chinese,Easy,1.0,world,5
Chinese,Easy,0.7237,awesome,7
Chinese,Easy,1.0,nothing,7
Chinese,Easy,1.0,if,2
Chinese,Easy,0.9714,you,3
Chinese,Easy,0.999,keep,4
Chinese,Easy,1.0,sitting,7
Chinese,Easy,0.9977,there,5
Chinese,Easy,1.0,why,3
Chinese,Easy,1.0,talking,7
Chinese,Easy,1.0,to,2
Chinese,Easy,1.0,you,3
Chinese,Easy,1.0,today,5
Chinese,Easy,1.0,this,4
Chinese,Easy,1.0,is,2
Chinese,Easy,1.0,your,4
Chinese,Easy,1.0,time,4
Chinese,Easy,1.0,this,4
Chinese,Easy,1.0,is,2
Chinese,Easy,1.0,my,2
Chinese,Easy,1.0,time,4
Chinese,Easy,0.9981,our,3
Chinese,Easy,1.0,time,4
Chinese,Easy,1.0,we,2
Chinese,Easy,1.0,can,3
Chinese,Easy,1.0,make,4
Chinese,Easy,0.5145,every,5
Chinese,Easy,0.5145,day,3
Chinese,Easy,1.0,better,6
Chinese,Easy,1.0,for,3
Chinese,Easy,1.0,each,4
Chinese,Easy,1.0,other,5
Chinese,Easy,1.0,if,2
Chinese,Easy,0.7572,we,2
Chinese,Easy,0.6763,were,4
Chinese,Easy,0.9742,along,5
Chinese,Easy,1.0,the,3
Chinese,Easy,1.0,same,4
Chinese,Easy,1.0,thing,5
Chinese,Easy,1.0,start,5
Chinese,Easy,1.0,acting,6
Chinese,Easy,1.0,like,4
Chinese,Easy,0.5293,it,2
Chinese,Easy,0.9997,we,2
Chinese,Easy,1.0,got,3
Chinese,Easy,1.0,work,4
Chinese,Easy,1.0,to,2
Chinese,Easy,1.0,do,2
Chinese,Easy,1.0,we,2
Chinese,Easy,0.9895,can,3
Chinese,Easy,0.5017,cry,3
Chinese,Easy,0.9988,about,5
Chinese,Easy,1.0,it,2
Chinese,Easy,1.0,or,2
Chinese,Easy,1.0,we,2
Chinese,Easy,0.9907,can,3
Chinese,Easy,0.9953,dance,5
Chinese,Easy,0.3423,a,1
Chinese,Easy,0.6846,body,4
Chinese,Easy,1.0,we,2
Chinese,Easy,1.0,were,4
Chinese,Easy,1.0,made,4
Chinese,Easy,1.0,to,2
Chinese,Easy,0.9999,be,2
Chinese,Easy,1.0,awesome,7
Chinese,Easy,1.0,get,3
Chinese,Easy,1.0,out,3
Chinese,Easy,0.9971,there,5
Chinese,Easy,1.0,i,1
Chinese,Easy,1.0,know,4
Chinese,Easy,0.9992,everything,10
Chinese,Easy,1.0,just,4
Chinese,Easy,0.5684,they,4
Chinese,Easy,0.9164,take,4
Chinese,Easy,0.9508,what,4
Chinese,Easy,1.0,i,1
Chinese,Easy,0.9959,know,4
Chinese,Easy,1.0,this,4
Chinese,Easy,1.0,duty,4
Chinese,Easy,1.0,to,2
Chinese,Easy,1.0,give,4
Chinese,Easy,1.0,the,3
Chinese,Easy,0.5969,a,1
Chinese,Easy,1.0,reason,6
Chinese,Easy,0.8786,to,2
Chinese,Easy,1.0,then,4
Chinese,Easy,1.0,so,2
Chinese,Easy,1.0,get,3
Chinese,Easy,0.9995,to,2
Chinese,Easy,1.0,eat,3
Chinese,Medium,1.0,but,3
Chinese,Medium,1.0,then,4
Chinese,Medium,1.0,came,4
Chinese,Medium,0.9996,my,2
Chinese,Medium,0.9991,90,2
Chinese,Medium,0.9823,page,4
Chinese,Medium,0.9368,senior,6
Chinese,Medium,0.5354,ceases,6
Chinese,Medium,0.9771,a,1
Chinese,Medium,0.9998,paper,5
Chinese,Medium,1.0,supposed,8
Chinese,Medium,1.0,to,2
Chinese,Medium,1.0,spend,5
Chinese,Medium,1.0,a,1
Chinese,Medium,1.0,year,4
Chinese,Medium,1.0,on,2
Chinese,Medium,0.9972,and,3
Chinese,Medium,0.9958,i,1
Chinese,Medium,0.9961,knew,4
Chinese,Medium,0.9972,for,3
Chinese,Medium,0.9599,a,1
Chinese,Medium,1.0,paper,5
Chinese,Medium,1.0,like,4
Chinese,Medium,1.0,that,4
Chinese,Medium,1.0,my,2
Chinese,Medium,1.0,normal,6
Chinese,Medium,0.8429,workflow,8
Chinese,Medium,0.9996,waas,4
Chinese,Medium,1.0,not,3
Chinese,Medium,1.0,an,2
Chinese,Medium,1.0,option,6
Chinese,Medium,1.0,it,2
Chinese,Medium,0.9952,wants,5
Chinese,Medium,0.9983,way,3
Chinese,Medium,0.9987,too,3
Chinese,Medium,1.0,big,3
Chinese,Medium,1.0,a,1
Chinese,Medium,1.0,project,7
Chinese,Medium,1.0,so,2
Chinese,Medium,1.0,i,1
Chinese,Medium,0.7402,planned,7
Chinese,Medium,0.9992,things,6
Chinese,Medium,1.0,out,3
Chinese,Medium,1.0,and,3
Chinese,Medium,1.0,i,1
Chinese,Medium,0.9997,decided,7
Chinese,Medium,1.0,i,1
Chinese,Medium,0.9801,kind,4
Chinese,Medium,0.7301,of,2
Chinese,Medium,1.0,had,3
Chinese,Medium,1.0,to,2
Chinese,Medium,1.0,go,2
Chinese,Medium,1.0,something,9
Chinese,Medium,1.0,like,4
Chinese,Medium,0.9466,this,4
Chinese,Medium,1.0,this,4
Chinese,Medium,1.0,is,2
Chinese,Medium,1.0,how,3
Chinese,Medium,1.0,the,3
Chinese,Medium,0.9988,year,4
Chinese,Medium,0.9597,will,4
Chinese,Medium,1.0,go,2
Chinese,Medium,1.0,so,2
Chinese,Medium,1.0,i,1
Chinese,Medium,0.9963,start,5
Chinese,Medium,1.0,off,3
Chinese,Medium,0.5058,like,4
Chinese,Medium,1.0,and,3
Chinese,Medium,0.9877,i,1
Chinese,Medium,0.5929,bumpy,5
Chinese,Medium,1.0,talking,7
Chinese,Medium,1.0,the,3
Chinese,Medium,1.0,middle,6
Chinese,Medium,0.9993,months,6
Chinese,Medium,1.0,and,3
Chinese,Medium,0.9483,then,4
Chinese,Medium,1.0,at,2
Chinese,Medium,1.0,the,3
Chinese,Medium,1.0,end,3
Chinese,Medium,1.0,i,1
Chinese,Medium,1.0,would,5
Chinese,Medium,0.897,kick,4
Chinese,Medium,0.9133,it,2
Chinese,Medium,1.0,talking,7
Chinese,Medium,0.949,to,2
Chinese,Medium,0.8137,highly,6
Chinese,Medium,1.0,just,4
Chinese,Medium,1.0,like,4
Chinese,Medium,1.0,a,1
Chinese,Medium,1.0,little,6
Chinese,Medium,0.9963,staircase,9
Chinese,Medium,1.0,how,3
Chinese,Medium,1.0,hard,4
Chinese,Medium,1.0,could,5
Chinese,Medium,1.0,it,2
Chinese,Medium,1.0,be,2
Chinese,Medium,0.8733,to,2
Chinese,Medium,1.0,what,4
Chinese,Medium,1.0,up,2
Chinese,Medium,0.951,the,3
Chinese,Medium,1.0,stairs,6
Chinese,Medium,1.0,no,2
Chinese,Medium,1.0,big,3
Chinese,Medium,1.0,deal,4
Chinese,Medium,0.9993,right,5
Chinese,Medium,1.0,but,3
Chinese,Medium,0.9997,then,4
Chinese,Medium,1.0,the,3
Chinese,Medium,1.0,funniest,8
Chinese,Medium,1.0,thing,5
Chinese,Medium,1.0,happened,8
Chinese,Medium,1.0,those,5
Chinese,Medium,1.0,first,5
Chinese,Medium,1.0,few,3
Chinese,Medium,1.0,months,6
Chinese,Medium,1.0,they,4
Chinese,Medium,1.0,came,4
Chinese,Medium,1.0,and,3
Chinese,Medium,1.0,went,4
Chinese,Medium,1.0,and,3
Chinese,Medium,1.0,i,1
Chinese,Medium,0.7718,quite,5
Chinese,Medium,0.8967,do,2
Chinese,Medium,0.9995,stuff,5
Chinese,Medium,1.0,so,2
Chinese,Medium,1.0,we,2
Chinese,Medium,1.0,had,3
Chinese,Medium,0.9915,an,2
Chinese,Medium,1.0,awesome,7
Chinese,Medium,0.9948,new,3
Chinese,Medium,1.0,revised,7
Chinese,Medium,0.9994,plan,4
Chinese,Medium,1.0,and,3
Chinese,Medium,1.0,then,4
Chinese,Medium,0.7167,bought,6
Chinese,Medium,0.7759,then,4
Chinese,Medium,1.0,those,5
Chinese,Medium,1.0,middle,6
Chinese,Medium,0.9915,months,6
Chinese,Medium,1.0,actually,8
Chinese,Medium,1.0,went,4
Chinese,Medium,0.9848,by,2
Chinese,Medium,1.0,and,3
Chinese,Medium,1.0,i,1
Chinese,Medium,0.9179,really,6
Chinese,Medium,0.8467,write,5
Chinese,Medium,0.9232,words,5
Chinese,Medium,1.0,and,3
Chinese,Medium,1.0,so,2
Chinese,Medium,1.0,we,2
Chinese,Medium,0.963,were,4
Chinese,Medium,0.9992,here,4
Chinese,Medium,1.0,and,3
Chinese,Medium,1.0,then,4
Chinese,Medium,0.9921,two,3
Chinese,Medium,1.0,months,6
Chinese,Medium,1.0,turned,6
Chinese,Medium,1.0,into,4
Chinese,Medium,0.9987,one,3
Chinese,Medium,1.0,which,5
Chinese,Medium,1.0,turned,6
Chinese,Medium,1.0,into,4
Chinese,Medium,0.9995,two,3
Chinese,Medium,0.9999,weeks,5
Chinese,Medium,1.0,and,3
Chinese,Medium,1.0,one,3
Chinese,Medium,1.0,day,3
Chinese,Medium,1.0,i,1
Chinese,Medium,1.0,woke,4
Chinese,Medium,1.0,up,2
Chinese,Medium,1.0,with,4
Chinese,Medium,0.9965,three,5
Chinese,Medium,1.0,days,4
Chinese,Medium,1.0,until,5
Chinese,Medium,1.0,the,3
Chinese,Medium,0.995,deadline,8
Chinese,Medium,0.9988,still,5
Chinese,Medium,1.0,not,3
Chinese,Medium,1.0,having,6
Chinese,Medium,1.0,written,7
Chinese,Medium,0.5062,in,2
Chinese,Medium,0.6713,work,4
Chinese,Medium,1.0,and,3
Chinese,Medium,1.0,so,2
Chinese,Medium,1.0,i,1
Chinese,Medium,1.0,did,3
Chinese,Medium,1.0,the,3
Chinese,Medium,1.0,only,4
Chinese,Medium,1.0,thing,5
Chinese,Medium,1.0,i,1
Chinese,Medium,1.0,could,5
Chinese,Medium,0.9679,i,1
Chinese,Medium,0.4478,rode,4
Chinese,Medium,0.9992,90,2
Chinese,Medium,0.9907,pages,5
Chinese,Medium,1.0,over,4
Chinese,Medium,1.0,72,2
Chinese,Medium,1.0,hours,5
Chinese,Medium,1.0,pulling,7
Chinese,Medium,1.0,not,3
Chinese,Medium,0.9996,one,3
Chinese,Medium,0.9979,but,3
Chinese,Medium,0.9985,two,3
Chinese,Medium,1.0,all,3
Chinese,Medium,1.0,nighters,8
Chinese,Medium,0.9969,humans,6
Chinese,Medium,1.0,are,3
Chinese,Medium,1.0,not,3
Chinese,Medium,1.0,supposed,8
Chinese,Medium,1.0,to,2
Chinese,Medium,1.0,pull,4
Chinese,Medium,0.8552,two,3
Chinese,Medium,1.0,all,3
Chinese,Medium,1.0,nighters,8
Chinese,Medium,0.8816,bring,5
Chinese,Medium,0.794,together,8
Chinese,Medium,0.294,across,6
Chinese,Medium,0.3883,campus,6
Chinese,Medium,0.9177,stuffing,8
Chinese,Medium,0.9989,slow,4
Chinese,Medium,1.0,motion,6
Chinese,Medium,1.0,and,3
Chinese,Medium,0.8243,body,4
Chinese,Medium,0.7913,eating,6
Chinese,Medium,1.0,just,4
Chinese,Medium,1.0,at,2
Chinese,Medium,0.9999,the,3
Chinese,Medium,0.9997,deadline,8
Chinese,Hard,0.999,learning,8
Chinese,Hard,1.0,in,2
Chinese,Hard,0.9903,conflicts,9
Chinese,Hard,0.9982,domains,7
Chinese,Hard,1.0,such,4
Chinese,Hard,1.0,as,2
Chinese,Hard,1.0,science,7
Chinese,Hard,1.0,and,3
Chinese,Hard,1.0,engineering,11
Chinese,Hard,1.0,or,2
Chinese,Hard,1.0,making,6
Chinese,Hard,0.9989,diagnosis,9
Chinese,Hard,0.9665,in,2
Chinese,Hard,0.9985,medicine,8
Chinese,Hard,1.0,or,2
Chinese,Hard,1.0,other,5
Chinese,Hard,0.9997,fields,6
Chinese,Hard,1.0,often,5
Chinese,Hard,1.0,requires,8
Chinese,Hard,1.0,that,4
Chinese,Hard,0.9986,students,8
Chinese,Hard,0.9966,bring,5
Chinese,Hard,1.0,substantial,11
Chinese,Hard,1.0,amounts,7
Chinese,Hard,1.0,off,3
Chinese,Hard,0.9961,prior,5
Chinese,Hard,1.0,learning,8
Chinese,Hard,0.9945,to,2
Chinese,Hard,0.9559,bear,4
Chinese,Hard,1.0,in,2
Chinese,Hard,1.0,order,5
Chinese,Hard,1.0,to,2
Chinese,Hard,0.9977,understand,10
Chinese,Hard,0.9999,and,3
Chinese,Hard,0.9989,acquire,7
Chinese,Hard,1.0,new,3
Chinese,Hard,1.0,knowledge,9
Chinese,Hard,1.0,or,2
Chinese,Hard,0.9967,solve,5
Chinese,Hard,1.0,problems,8
Chinese,Hard,0.9951,some,4
Chinese,Hard,0.9973,prior,5
Chinese,Hard,1.0,learning,8
Chinese,Hard,0.6259,may,3
Chinese,Hard,0.6259,be,2
Chinese,Hard,0.9911,recalled,8
Chinese,Hard,0.9966,imperfectly,11
Chinese,Hard,0.999,or,2
Chinese,Hard,1.0,may,3
Chinese,Hard,1.0,never,5
Chinese,Hard,1.0,have,4
Chinese,Hard,0.8359,been,4
Chinese,Hard,1.0,completely,10
Chinese,Hard,0.9968,mastered,8
Chinese,Hard,1.0,during,6
Chinese,Hard,1.0,initial,7
Chinese,Hard,0.9998,acquisition,11
Chinese,Hard,1.0,students,8
Chinese,Hard,1.0,who,3
Chinese,Hard,1.0,can,3
Chinese,Hard,1.0,accurately,10
Chinese,Hard,0.9912,distinguish,11
Chinese,Hard,1.0,between,7
Chinese,Hard,1.0,what,4
Chinese,Hard,1.0,they,4
Chinese,Hard,0.9971,know,4
Chinese,Hard,1.0,and,3
Chinese,Hard,1.0,do,2
Chinese,Hard,1.0,not,3
Chinese,Hard,0.9715,know,4
Chinese,Hard,1.0,should,6
Chinese,Hard,0.9993,be,2
Chinese,Hard,0.6061,attend,6
Chinese,Hard,1.0,advantage,9
Chinese,Hard,0.9986,while,5
Chinese,Hard,1.0,working,7
Chinese,Hard,1.0,in,2
Chinese,Hard,1.0,such,4
Chinese,Hard,0.9995,domains,7
Chinese,Hard,1.0,since,5
Chinese,Hard,1.0,they,4
Chinese,Hard,1.0,are,3
Chinese,Hard,1.0,more,4
Chinese,Hard,1.0,likely,6
Chinese,Hard,1.0,to,2
Chinese,Hard,0.9988,review,6
Chinese,Hard,1.0,and,3
Chinese,Hard,1.0,try,3
Chinese,Hard,1.0,to,2
Chinese,Hard,0.8292,relearn,7
Chinese,Hard,0.9867,imperfectly,11
Chinese,Hard,0.9841,master,6
Chinese,Hard,0.7067,of,2
Chinese,Hard,1.0,materials,9
Chinese,Hard,1.0,needed,6
Chinese,Hard,1.0,for,3
Chinese,Hard,1.0,particular,10
Chinese,Hard,0.9901,tests,5
Chinese,Hard,1.0,compared,8
Chinese,Hard,1.0,with,4
Chinese,Hard,1.0,those,5
Chinese,Hard,1.0,who,3
Chinese,Hard,1.0,are,3
Chinese,Hard,1.0,less,4
Chinese,Hard,1.0,security,8
Chinese,Hard,0.9998,estimating,10
Chinese,Hard,0.7688,their,5
Chinese,Hard,0.9984,room,4
Chinese,Hard,0.9998,knowledge,9
Chinese,Hard,1.0,in,2
Chinese,Hard,1.0,view,4
Chinese,Hard,1.0,off,3
Chinese,Hard,1.0,the,3
Chinese,Hard,1.0,fact,4
Chinese,Hard,1.0,that,4
Chinese,Hard,0.9885,the,3
Chinese,Hard,1.0,existing,8
Chinese,Hard,1.0,knowledge,9
Chinese,Hard,1.0,monitoring,10
Chinese,Hard,0.9698,sports,6
Chinese,Hard,0.999,the,3
Chinese,Hard,0.5309,contract,8
Chinese,Hard,0.9188,for,3
Chinese,Hard,1.0,little,6
Chinese,Hard,0.9992,variance,8
Chinese,Hard,1.0,in,2
Chinese,Hard,0.9753,science,7
Chinese,Hard,0.9902,grace,5
Chinese,Hard,1.0,it,2
Chinese,Hard,1.0,would,5
Chinese,Hard,1.0,be,2
Chinese,Hard,1.0,useful,6
Chinese,Hard,1.0,to,2
Chinese,Hard,0.9668,develop,7
Chinese,Hard,0.9938,a,1
Chinese,Hard,1.0,knowledge,9
Chinese,Hard,1.0,monitoring,10
Chinese,Hard,0.9987,ability,7
Chinese,Hard,1.0,procedure,9
Chinese,Hard,1.0,in,2
Chinese,Hard,1.0,the,3
Chinese,Hard,0.8971,science,7
Chinese,Hard,0.9865,domain,6
Chinese,Hard,0.9987,to,2
Chinese,Hard,0.9962,determine,9
Chinese,Hard,0.991,its,3
Chinese,Hard,0.7666,relationship,12
Chinese,Hard,0.6186,to,2
Chinese,Hard,0.9471,achievement,11
Chinese,Hard,1.0,in,2
Chinese,Hard,1.0,science,7
Chinese,Hard,1.0,and,3
Chinese,Hard,1.0,engineering,11
Hindi,Easy,1.0,the,3
Hindi,Easy,1.0,world,5
Hindi,Easy,1.0,needs,5
Hindi,Easy,0.9958,you,3
Hindi,Easy,0.8951,stop,4
Hindi,Easy,1.0,being,5
Hindi,Easy,0.9993,boring,6
Hindi,Easy,0.9062,here,4
Hindi,Easy,0.9862,you,3
Hindi,Easy,0.9832,boring,6
Hindi,Easy,1.0,is,2
Hindi,Easy,1.0,easy,4
Hindi,Easy,1.0,everybody,9
Hindi,Easy,0.9824,can,3
Hindi,Easy,1.0,be,2
Hindi,Easy,0.9933,boring,6
Hindi,Easy,1.0,whether,7
Hindi,Easy,1.0,good,4
Hindi,Easy,1.0,or,2
Hindi,Easy,1.0,not,3
Hindi,Easy,1.0,life,4
Hindi,Easy,1.0,is,2
Hindi,Easy,1.0,not,3
Hindi,Easy,0.9897,a,1
Hindi,Easy,0.961,game,4
Hindi,Easy,1.0,people,6
Hindi,Easy,1.0,life,4
Hindi,Easy,0.9838,a,1
Hindi,Easy,0.8227,serial,6
Hindi,Easy,1.0,either,6
Hindi,Easy,1.0,well,4
Hindi,Easy,1.0,it,2
Hindi,Easy,1.0,is,2
Hindi,Easy,0.9994,a,1
Hindi,Easy,0.8546,serial,6
Hindi,Easy,0.9993,and,3
Hindi,Easy,0.9993,if,2
Hindi,Easy,1.0,life,4
Hindi,Easy,1.0,was,3
Hindi,Easy,0.9991,again,5
Hindi,Easy,0.9959,we,2
Hindi,Easy,1.0,on,2
Hindi,Easy,1.0,the,3
Hindi,Easy,1.0,same,4
Hindi,Easy,1.0,team,4
Hindi,Easy,1.0,i,1
Hindi,Easy,1.0,mean,4
Hindi,Easy,0.5813,really,6
Hindi,Easy,0.9468,right,5
Hindi,Easy,1.0,on,2
Hindi,Easy,0.8616,your,4
Hindi,Easy,1.0,team,4
Hindi,Easy,1.0,beyond,6
Hindi,Easy,1.0,my,2
Hindi,Easy,1.0,team,4
Hindi,Easy,1.0,this,4
Hindi,Easy,1.0,is,2
Hindi,Easy,1.0,life,4
Hindi,Easy,1.0,people,6
Hindi,Easy,0.9542,we,2
Hindi,Easy,0.9795,got,3
Hindi,Easy,0.5468,air,3
Hindi,Easy,1.0,coming,6
Hindi,Easy,1.0,through,7
Hindi,Easy,1.0,your,4
Hindi,Easy,0.9998,nose,4
Hindi,Easy,0.8761,a,1
Hindi,Easy,0.6246,form,4
Hindi,Easy,0.9867,two,3
Hindi,Easy,1.0,roads,5
Hindi,Easy,0.9967,diverged,8
Hindi,Easy,1.0,in,2
Hindi,Easy,1.0,the,3
Hindi,Easy,0.9991,woods,5
Hindi,Easy,1.0,and,3
Hindi,Easy,1.0,i,1
Hindi,Easy,1.0,took,4
Hindi,Easy,1.0,the,3
Hindi,Easy,1.0,road,4
Hindi,Easy,1.0,less,4
Hindi,Easy,1.0,traveled,8
Hindi,Easy,1.0,and,3
Hindi,Easy,1.0,it,2
Hindi,Easy,0.9977,hurt,4
Hindi,Easy,0.9981,man,3
Hindi,Easy,0.9949,really,6
Hindi,Easy,1.0,bad,3
Hindi,Easy,0.8681,rocks,5
Hindi,Easy,0.9282,ponds,5
Hindi,Easy,0.608,and,3
Hindi,Easy,0.9934,glass,5
Hindi,Easy,1.0,not,3
Hindi,Easy,0.9916,cool,4
Hindi,Easy,1.0,robert,6
Hindi,Easy,1.0,frost,5
Hindi,Easy,1.0,but,3
Hindi,Easy,1.0,what,4
Hindi,Easy,1.0,if,2
Hindi,Easy,0.8565,they,4
Hindi,Easy,0.9937,really,6
Hindi,Easy,0.602,would,5
Hindi,Easy,0.8105,do,2
Hindi,Easy,0.9279,paths,5
Hindi,Easy,1.0,i,1
Hindi,Easy,1.0,want,4
Hindi,Easy,1.0,to,2
Hindi,Easy,1.0,be,2
Hindi,Easy,1.0,in,2
Hindi,Easy,1.0,the,3
Hindi,Easy,0.9992,one,3
Hindi,Easy,1.0,that,4
Hindi,Easy,1.0,leads,5
Hindi,Easy,0.9581,to,2
Hindi,Easy,1.0,awesome,7
Hindi,Easy,1.0,like,4
Hindi,Easy,1.0,that,4
Hindi,Easy,0.8992,dude,4
Hindi,Easy,1.0,journey,7
Hindi,Easy,1.0,said,4
Hindi,Easy,1.0,stop,4
Hindi,Easy,1.0,believing,9
Hindi,Easy,1.0,unless,6
Hindi,Easy,0.7779,your,4
Hindi,Easy,0.9995,dream,5
Hindi,Easy,0.9878,is,2
Hindi,Easy,0.9954,stupid,6
Hindi,Easy,1.0,then,4
Hindi,Easy,1.0,you,3
Hindi,Easy,1.0,should,6
Hindi,Easy,1.0,give,4
Hindi,Easy,1.0,up,2
Hindi,Easy,1.0,your,4
Hindi,Easy,0.9835,dream,5
Hindi,Easy,1.0,i,1
Hindi,Easy,1.0,think,5
Hindi,Easy,1.0,how,3
Hindi,Easy,1.0,it,2
Hindi,Easy,1.0,goes,4
Hindi,Easy,0.8602,you,3
Hindi,Easy,1.0,better,6
Hindi,Easy,0.9774,dream,5
Hindi,Easy,0.9974,to,2
Hindi,Easy,1.0,keep,4
Hindi,Easy,1.0,going,5
Hindi,Easy,1.0,keep,4
Hindi,Easy,1.0,going,5
Hindi,Easy,1.0,keep,4
Hindi,Easy,1.0,going,5
Hindi,Easy,1.0,and,3
Hindi,Easy,1.0,keep,4
Hindi,Easy,1.0,going,5
Hindi,Easy,1.0,what,4
Hindi,Easy,1.0,if,2
Hindi,Easy,1.0,michael,7
Hindi,Easy,1.0,jordan,6
Hindi,Easy,0.9997,had,3
Hindi,Easy,0.9987,quit,4
Hindi,Easy,1.0,well,4
Hindi,Easy,1.0,he,2
Hindi,Easy,1.0,did,3
Hindi,Easy,1.0,quit,4
Hindi,Easy,0.9777,no,2
Hindi,Easy,1.0,he,2
Hindi,Easy,0.9862,retired,7
Hindi,Easy,1.0,yeah,4
Hindi,Easy,1.0,yes,3
Hindi,Easy,1.0,he,2
Hindi,Easy,0.9868,retired,7
Hindi,Easy,1.0,but,3
Hindi,Easy,1.0,before,6
Hindi,Easy,1.0,that,4
Hindi,Easy,1.0,in,2
Hindi,Easy,1.0,high,4
Hindi,Easy,1.0,school,6
Hindi,Easy,1.0,what,4
Hindi,Easy,1.0,if,2
Hindi,Easy,1.0,he,2
Hindi,Easy,1.0,could,5
Hindi,Easy,1.0,when,4
Hindi,Easy,1.0,he,2
Hindi,Easy,1.0,make,4
Hindi,Easy,1.0,the,3
Hindi,Easy,1.0,team,4
Hindi,Easy,1.0,he,2
Hindi,Easy,1.0,would,5
Hindi,Easy,1.0,never,5
Hindi,Easy,0.9976,make,4
Hindi,Easy,1.0,space,5
Hindi,Easy,0.8699,jam,3
Hindi,Easy,0.7963,and,3
Hindi,Easy,1.0,i,1
Hindi,Easy,0.9997,love,4
Hindi,Easy,1.0,space,5
Hindi,Easy,0.9998,jam,3
Hindi,Easy,1.0,what,4
Hindi,Easy,0.9793,will,4
Hindi,Easy,1.0,be,2
Hindi,Easy,0.8648,a,1
Hindi,Easy,1.0,space,5
Hindi,Easy,0.9999,jam,3
Hindi,Easy,1.0,what,4
Hindi,Easy,1.0,will,4
Hindi,Easy,1.0,you,3
Hindi,Easy,1.0,create,6
Hindi,Easy,0.9898,to,2
Hindi,Easy,0.9944,meet,4
Hindi,Easy,1.0,the,3
Hindi,Easy,1.0,world,5
Hindi,Easy,1.0,awesome,7
Hindi,Easy,1.0,nothing,7
Hindi,Easy,1.0,if,2
Hindi,Easy,0.9714,you,3
Hindi,Easy,0.9993,keep,4
Hindi,Easy,1.0,sitting,7
Hindi,Easy,0.9977,there,5
Hindi,Easy,1.0,why,3
Hindi,Easy,1.0,talking,7
Hindi,Easy,1.0,to,2
Hindi,Easy,1.0,you,3
Hindi,Easy,1.0,today,5
Hindi,Easy,1.0,this,4
Hindi,Easy,1.0,is,2
Hindi,Easy,1.0,your,4
Hindi,Easy,1.0,time,4
Hindi,Easy,1.0,this,4
Hindi,Easy,1.0,is,2
Hindi,Easy,1.0,my,2
Hindi,Easy,1.0,time,4
Hindi,Easy,0.988,our,3
Hindi,Easy,1.0,time,4
Hindi,Easy,0.7756,he,2
Hindi,Easy,0.9962,can,3
Hindi,Easy,1.0,make,4
Hindi,Easy,0.6833,everyday,8
Hindi,Easy,1.0,better,6
Hindi,Easy,1.0,for,3
Hindi,Easy,1.0,each,4
Hindi,Easy,1.0,other,5
Hindi,Easy,1.0,if,2
Hindi,Easy,1.0,all,3
Hindi,Easy,1.0,on,2
Hindi,Easy,1.0,the,3
Hindi,Easy,1.0,same,4
Hindi,Easy,1.0,team,4
Hindi,Easy,1.0,start,5
Hindi,Easy,1.0,acting,6
Hindi,Easy,1.0,like,4
Hindi,Easy,0.9999,it,2
Hindi,Easy,0.9979,we,2
Hindi,Easy,1.0,got,3
Hindi,Easy,1.0,work,4
Hindi,Easy,1.0,to,2
Hindi,Easy,1.0,do,2
Hindi,Easy,0.616,he,2
Hindi,Easy,1.0,can,3
Hindi,Easy,0.9996,cry,3
Hindi,Easy,1.0,about,5
Hindi,Easy,1.0,it,2
Hindi,Easy,0.9982,or,2
Hindi,Easy,0.7842,we,2
Hindi,Easy,0.7938,can,3
Hindi,Easy,0.9989,dance,5
Hindi,Easy,0.999,about,5
Hindi,Easy,0.9999,it,2
Hindi,Easy,1.0,we,2
Hindi,Easy,0.9566,will,4
Hindi,Easy,0.9668,need,4
Hindi,Easy,1.0,to,2
Hindi,Easy,1.0,be,2
Hindi,Easy,1.0,awesome,7
Hindi,Easy,1.0,get,3
Hindi,Easy,1.0,out,3
Hindi,Easy,0.9963,there,5
Hindi,Easy,1.0,i,1
Hindi,Easy,1.0,know,4
Hindi,Easy,0.999,everything,10
Hindi,Easy,1.0,just,4
Hindi,Easy,1.0,a,1
Hindi,Easy,1.0,kid,3
Hindi,Easy,1.0,but,3
Hindi,Easy,1.0,i,1
Hindi,Easy,0.9988,know,4
Hindi,Easy,1.0,this,4
Hindi,Easy,1.0,duty,4
Hindi,Easy,1.0,to,2
Hindi,Easy,1.0,give,4
Hindi,Easy,1.0,the,3
Hindi,Easy,1.0,world,5
Hindi,Easy,0.9974,a,1
Hindi,Easy,1.0,reason,6
Hindi,Easy,0.9983,to,2
Hindi,Easy,0.997,dance,5
Hindi,Easy,1.0,so,2
Hindi,Easy,1.0,get,3
Hindi,Easy,0.9998,to,2
Hindi,Easy,1.0,it,2
Hindi,Medium,1.0,but,3
Hindi,Medium,1.0,then,4
Hindi,Medium,1.0,came,4
Hindi,Medium,0.9978,my,2
Hindi,Medium,1.0,90,2
Hindi,Medium,0.9832,page,4
Hindi,Medium,0.9988,senior,6
Hindi,Medium,1.0,thesis,6
Hindi,Medium,0.9185,of,2
Hindi,Medium,1.0,paper,5
Hindi,Medium,1.0,supposed,8
Hindi,Medium,1.0,to,2
Hindi,Medium,1.0,spend,5
Hindi,Medium,1.0,a,1
Hindi,Medium,1.0,year,4
Hindi,Medium,1.0,on,2
Hindi,Medium,1.0,and,3
Hindi,Medium,1.0,i,1
Hindi,Medium,1.0,knew,4
Hindi,Medium,1.0,for,3
Hindi,Medium,0.9148,a,1
Hindi,Medium,0.8496,paper,5
Hindi,Medium,1.0,like,4
Hindi,Medium,1.0,that,4
Hindi,Medium,1.0,my,2
Hindi,Medium,1.0,normal,6
Hindi,Medium,0.6179,work,4
Hindi,Medium,0.4862,floor,5
Hindi,Medium,1.0,was,3
Hindi,Medium,1.0,not,3
Hindi,Medium,1.0,an,2
Hindi,Medium,1.0,option,6
Hindi,Medium,1.0,it,2
Hindi,Medium,1.0,was,3
Hindi,Medium,0.9948,very,4
Hindi,Medium,0.6793,to,2
Hindi,Medium,1.0,bigger,6
Hindi,Medium,0.7878,project,7
Hindi,Medium,1.0,so,2
Hindi,Medium,1.0,i,1
Hindi,Medium,0.9889,plan,4
Hindi,Medium,1.0,things,6
Hindi,Medium,1.0,out,3
Hindi,Medium,1.0,and,3
Hindi,Medium,1.0,i,1
Hindi,Medium,1.0,decided,7
Hindi,Medium,1.0,i,1
Hindi,Medium,1.0,kind,4
Hindi,Medium,1.0,of,2
Hindi,Medium,0.9687,had,3
Hindi,Medium,1.0,to,2
Hindi,Medium,0.8138,go,2
Hindi,Medium,1.0,something,9
Hindi,Medium,1.0,like,4
Hindi,Medium,1.0,this,4
Hindi,Medium,1.0,this,4
Hindi,Medium,1.0,is,2
Hindi,Medium,1.0,how,3
Hindi,Medium,1.0,the,3
Hindi,Medium,0.9831,year,4
Hindi,Medium,0.9223,would,5
Hindi,Medium,0.9999,go,2
Hindi,Medium,1.0,so,2
Hindi,Medium,1.0,start,5
Hindi,Medium,1.0,off,3
Hindi,Medium,1.0,light,5
Hindi,Medium,0.9841,and,3
Hindi,Medium,0.9612,i,1
Hindi,Medium,0.9996,bump,4
Hindi,Medium,1.0,it,2
Hindi,Medium,1.0,up,2
Hindi,Medium,1.0,in,2
Hindi,Medium,1.0,the,3
Hindi,Medium,1.0,middle,6
Hindi,Medium,0.998,months,6
Hindi,Medium,1.0,and,3
Hindi,Medium,1.0,then,4
Hindi,Medium,1.0,at,2
Hindi,Medium,1.0,the,3
Hindi,Medium,1.0,end,3
Hindi,Medium,1.0,i,1
Hindi,Medium,0.9982,would,5
Hindi,Medium,0.9744,kick,4
Hindi,Medium,1.0,it,2
Hindi,Medium,1.0,up,2
Hindi,Medium,1.0,into,4
Hindi,Medium,1.0,high,4
Hindi,Medium,1.0,gear,4
Hindi,Medium,1.0,just,4
Hindi,Medium,1.0,like,4
Hindi,Medium,1.0,a,1
Hindi,Medium,1.0,little,6
Hindi,Medium,0.9963,staircase,9
Hindi,Medium,1.0,how,3
Hindi,Medium,1.0,hard,4
Hindi,Medium,1.0,could,5
Hindi,Medium,1.0,it,2
Hindi,Medium,0.999,be,2
Hindi,Medium,0.9944,to,2
Hindi,Medium,1.0,walk,4
Hindi,Medium,1.0,up,2
Hindi,Medium,1.0,the,3
Hindi,Medium,1.0,stairs,6
Hindi,Medium,1.0,no,2
Hindi,Medium,1.0,big,3
Hindi,Medium,1.0,deal,4
Hindi,Medium,0.9993,right,5
Hindi,Medium,1.0,but,3
Hindi,Medium,1.0,then,4
Hindi,Medium,1.0,the,3
Hindi,Medium,1.0,funniest,8
Hindi,Medium,1.0,thing,5
Hindi,Medium,1.0,happened,8
Hindi,Medium,1.0,those,5
Hindi,Medium,1.0,first,5
Hindi,Medium,1.0,few,3
Hindi,Medium,1.0,months,6
Hindi,Medium,0.9997,they,4
Hindi,Medium,1.0,came,4
Hindi,Medium,1.0,and,3
Hindi,Medium,1.0,went,4
Hindi,Medium,1.0,and,3
Hindi,Medium,1.0,i,1
Hindi,Medium,1.0,quite,5
Hindi,Medium,0.9978,do,2
Hindi,Medium,1.0,stuff,5
Hindi,Medium,1.0,so,2
Hindi,Medium,1.0,we,2
Hindi,Medium,1.0,had,3
Hindi,Medium,1.0,an,2
Hindi,Medium,1.0,awesome,7
Hindi,Medium,0.9937,new,3
Hindi,Medium,0.9994,revised,7
Hindi,Medium,1.0,plan,4
Hindi,Medium,1.0,and,3
Hindi,Medium,1.0,then,4
Hindi,Medium,1.0,but,3
Hindi,Medium,1.0,then,4
Hindi,Medium,1.0,those,5
Hindi,Medium,1.0,middle,6
Hindi,Medium,0.9915,months,6
Hindi,Medium,1.0,actually,8
Hindi,Medium,1.0,went,4
Hindi,Medium,1.0,by,2
Hindi,Medium,1.0,and,3
Hindi,Medium,1.0,i,1
Hindi,Medium,0.764,really,6
Hindi,Medium,0.8593,write,5
Hindi,Medium,1.0,words,5
Hindi,Medium,0.9455,and,3
Hindi,Medium,0.9471,so,2
Hindi,Medium,1.0,we,2
Hindi,Medium,0.9936,were,4
Hindi,Medium,0.9989,here,4
Hindi,Medium,1.0,and,3
Hindi,Medium,1.0,then,4
Hindi,Medium,0.9921,two,3
Hindi,Medium,0.9996,months,6
Hindi,Medium,1.0,turned,6
Hindi,Medium,1.0,into,4
Hindi,Medium,1.0,one,3
Hindi,Medium,0.9984,month,5
Hindi,Medium,1.0,which,5
Hindi,Medium,1.0,turned,6
Hindi,Medium,1.0,into,4
Hindi,Medium,0.9995,two,3
Hindi,Medium,0.9999,weeks,5
Hindi,Medium,0.9992,and,3
Hindi,Medium,1.0,one,3
Hindi,Medium,1.0,day,3
Hindi,Medium,1.0,i,1
Hindi,Medium,1.0,woke,4
Hindi,Medium,1.0,up,2
Hindi,Medium,1.0,with,4
Hindi,Medium,1.0,three,5
Hindi,Medium,1.0,days,4
Hindi,Medium,1.0,until,5
Hindi,Medium,1.0,the,3
Hindi,Medium,1.0,deadline,8
Hindi,Medium,0.9988,still,5
Hindi,Medium,1.0,not,3
Hindi,Medium,1.0,having,6
Hindi,Medium,1.0,written,7
Hindi,Medium,1.0,a,1
Hindi,Medium,1.0,word,4
Hindi,Medium,0.9709,and,3
Hindi,Medium,0.9738,so,2
Hindi,Medium,1.0,i,1
Hindi,Medium,1.0,did,3
Hindi,Medium,1.0,the,3
Hindi,Medium,1.0,only,4
Hindi,Medium,1.0,thing,5
Hindi,Medium,1.0,i,1
Hindi,Medium,1.0,could,5
Hindi,Medium,1.0,i,1
Hindi,Medium,1.0,wrote,5
Hindi,Medium,1.0,90,2
Hindi,Medium,0.9907,pages,5
Hindi,Medium,1.0,over,4
Hindi,Medium,1.0,72,2
Hindi,Medium,1.0,hours,5
Hindi,Medium,0.9968,pulling,7
Hindi,Medium,1.0,not,3
Hindi,Medium,1.0,one,3
Hindi,Medium,1.0,but,3
Hindi,Medium,0.9995,two,3
Hindi,Medium,1.0,all,3
Hindi,Medium,1.0,nighters,8
Hindi,Medium,0.9967,humans,6
Hindi,Medium,0.9963,are,3
Hindi,Medium,1.0,not,3
Hindi,Medium,1.0,supposed,8
Hindi,Medium,1.0,to,2
Hindi,Medium,0.9999,pull,4
Hindi,Medium,0.8551,two,3
Hindi,Medium,1.0,all,3
Hindi,Medium,1.0,nighters,8
Hindi,Medium,1.0,sprinted,8
Hindi,Medium,1.0,across,6
Hindi,Medium,1.0,campus,6
Hindi,Medium,0.9699,dove,4
Hindi,Medium,0.9975,in,2
Hindi,Medium,0.9964,slow,4
Hindi,Medium,1.0,motion,6
Hindi,Medium,0.8771,on,2
Hindi,Medium,1.0,got,3
Hindi,Medium,1.0,it,2
Hindi,Medium,0.9992,ingested,8
Hindi,Medium,1.0,the,3
Hindi,Medium,0.9984,deadline,8
Hindi,Hard,0.999,learning,8
Hindi,Hard,0.9997,in,2
Hindi,Hard,1.0,complex,7
Hindi,Hard,0.8646,demeans,7
Hindi,Hard,1.0,such,4
Hindi,Hard,0.9761,a,1
Hindi,Hard,1.0,science,7
Hindi,Hard,1.0,and,3
Hindi,Hard,1.0,engineering,11
Hindi,Hard,0.9985,or,2
Hindi,Hard,1.0,making,6
Hindi,Hard,0.9963,diagnoses,9
Hindi,Hard,0.9645,in,2
Hindi,Hard,1.0,medicine,8
Hindi,Hard,1.0,or,2
Hindi,Hard,1.0,other,5
Hindi,Hard,0.9996,fields,6
Hindi,Hard,1.0,often,5
Hindi,Hard,0.9981,requires,8
Hindi,Hard,1.0,that,4
Hindi,Hard,0.998,students,8
Hindi,Hard,0.8046,bring,5
Hindi,Hard,1.0,substantial,11
Hindi,Hard,1.0,amounts,7
Hindi,Hard,1.0,of,2
Hindi,Hard,0.9996,prior,5
Hindi,Hard,1.0,learning,8
Hindi,Hard,0.9945,to,2
Hindi,Hard,0.9583,bear,4
Hindi,Hard,1.0,in,2
Hindi,Hard,1.0,order,5
Hindi,Hard,1.0,to,2
Hindi,Hard,1.0,understand,10
Hindi,Hard,0.9963,and,3
Hindi,Hard,0.9896,acquire,7
Hindi,Hard,0.998,new,3
Hindi,Hard,1.0,knowledge,9
Hindi,Hard,1.0,or,2
Hindi,Hard,0.9928,solve,5
Hindi,Hard,1.0,problems,8
Hindi,Hard,0.9951,some,4
Hindi,Hard,0.9973,prior,5
Hindi,Hard,1.0,learning,8
Hindi,Hard,0.627,may,3
Hindi,Hard,0.627,be,2
Hindi,Hard,0.9939,recalled,8
Hindi,Hard,0.5992,and,3
Hindi,Hard,0.6766,perfectly,9
Hindi,Hard,0.4391,only,4
Hindi,Hard,0.9999,never,5
Hindi,Hard,1.0,have,4
Hindi,Hard,0.8254,been,4
Hindi,Hard,1.0,completely,10
Hindi,Hard,0.9289,mastered,8
Hindi,Hard,0.9994,during,6
Hindi,Hard,1.0,initial,7
Hindi,Hard,0.9999,acquisition,11
Hindi,Hard,1.0,students,8
Hindi,Hard,1.0,who,3
Hindi,Hard,1.0,can,3
Hindi,Hard,1.0,accurately,10
Hindi,Hard,0.9952,distinguish,11
Hindi,Hard,1.0,between,7
Hindi,Hard,1.0,what,4
Hindi,Hard,1.0,they,4
Hindi,Hard,0.9971,know,4
Hindi,Hard,1.0,and,3
Hindi,Hard,1.0,do,2
Hindi,Hard,1.0,not,3
Hindi,Hard,1.0,know,4
Hindi,Hard,1.0,should,6
Hindi,Hard,1.0,be,2
Hindi,Hard,1.0,at,2
Hindi,Hard,1.0,an,2
Hindi,Hard,1.0,advantage,9
Hindi,Hard,1.0,while,5
Hindi,Hard,1.0,working,7
Hindi,Hard,1.0,in,2
Hindi,Hard,1.0,such,4
Hindi,Hard,0.761,demeans,7
Hindi,Hard,1.0,since,5
Hindi,Hard,0.9711,they,4
Hindi,Hard,0.9743,are,3
Hindi,Hard,1.0,more,4
Hindi,Hard,1.0,likely,6
Hindi,Hard,1.0,to,2
Hindi,Hard,0.9979,review,6
Hindi,Hard,1.0,and,3
Hindi,Hard,1.0,try,3
Hindi,Hard,1.0,to,2
Hindi,Hard,0.6373,relearn,7
Hindi,Hard,1.0,and,3
Hindi,Hard,1.0,perfectly,9
Hindi,Hard,1.0,mastered,8
Hindi,Hard,0.9995,materials,9
Hindi,Hard,1.0,needed,6
Hindi,Hard,1.0,for,3
Hindi,Hard,1.0,particular,10
Hindi,Hard,1.0,tasks,5
Hindi,Hard,1.0,compared,8
Hindi,Hard,1.0,with,4
Hindi,Hard,1.0,those,5
Hindi,Hard,1.0,who,3
Hindi,Hard,1.0,are,3
Hindi,Hard,1.0,less,4
Hindi,Hard,1.0,accurate,8
Hindi,Hard,0.8082,and,3
Hindi,Hard,1.0,estimating,10
Hindi,Hard,0.9897,their,5
Hindi,Hard,1.0,own,3
Hindi,Hard,1.0,knowledge,9
Hindi,Hard,0.9856,in,2
Hindi,Hard,0.6498,new,3
Hindi,Hard,0.7034,off,3
Hindi,Hard,1.0,the,3
Hindi,Hard,1.0,fact,4
Hindi,Hard,1.0,that,4
Hindi,Hard,1.0,the,3
Hindi,Hard,1.0,existing,8
Hindi,Hard,1.0,knowledge,9
Hindi,Hard,1.0,monitoring,10
Hindi,Hard,0.6853,schools,7
Hindi,Hard,1.0,accounted,9
Hindi,Hard,1.0,for,3
Hindi,Hard,1.0,little,6
Hindi,Hard,0.6091,variance,8
Hindi,Hard,0.8113,in,2
Hindi,Hard,0.9924,science,7
Hindi,Hard,0.9879,grades,6
Hindi,Hard,1.0,it,2
Hindi,Hard,1.0,would,5
Hindi,Hard,1.0,be,2
Hindi,Hard,1.0,useful,6
Hindi,Hard,1.0,to,2
Hindi,Hard,1.0,develop,7
Hindi,Hard,0.9976,a,1
Hindi,Hard,1.0,knowledge,9
Hindi,Hard,1.0,monitoring,10
Hindi,Hard,1.0,ability,7
Hindi,Hard,1.0,procedure,9
Hindi,Hard,1.0,in,2
Hindi,Hard,1.0,the,3
Hindi,Hard,0.9377,science,7
Hindi,Hard,0.6541,dawning,7
Hindi,Hard,0.9983,to,2
Hindi,Hard,0.9991,determine,9
Hindi,Hard,0.996,its,3
Hindi,Hard,0.9107,relationship,12
Hindi,Hard,0.987,to,2
Hindi,Hard,1.0,achievement,11
Hindi,Hard,1.0,in,2
Hindi,Hard,1.0,science,7
Hindi,Hard,1.0,and,3
Hindi,Hard,1.0,engineering,11
Spanish,Easy,0.4709,their,5
Spanish,Easy,0.8304,wall,4
Spanish,Easy,0.9993,needs,5
Spanish,Easy,0.996,you,3
Spanish,Easy,0.9991,stop,4
Spanish,Easy,0.4208,paying,6
Spanish,Easy,0.7562,marine,6
Spanish,Easy,1.0,yeah,4
Spanish,Easy,0.993,you,3
Spanish,Easy,0.8961,boring,6
Spanish,Easy,0.9795,gcc,3
Spanish,Easy,0.9995,everybody,9
Spanish,Easy,0.9958,can,3
Spanish,Easy,1.0,be,2
Spanish,Easy,0.9786,boring,6
Spanish,Easy,0.9979,with,4
Spanish,Easy,0.9366,her,3
Spanish,Easy,0.4511,your,4
Spanish,Easy,0.4046,hood,4
Spanish,Easy,0.9996,or,2
Spanish,Easy,1.0,not,3
Spanish,Easy,1.0,life,4
Spanish,Easy,1.0,is,2
Spanish,Easy,1.0,not,3
Spanish,Easy,0.7873,the,3
Spanish,Easy,0.8992,rain,4
Spanish,Easy,1.0,people,6
Spanish,Easy,1.0,life,4
Spanish,Easy,0.5898,a,1
Spanish,Easy,0.3337,serial,6
Spanish,Easy,0.3531,a,1
Spanish,Easy,0.8897,there,5
Spanish,Easy,1.0,well,4
Spanish,Easy,1.0,it,2
Spanish,Easy,1.0,is,2
Spanish,Easy,1.0,a,1
Spanish,Easy,0.3106,ferial,6
Spanish,Easy,0.9714,on,2
Spanish,Easy,0.9658,if,2
Spanish,Easy,1.0,life,4
Spanish,Easy,0.8588,wasa,4
Spanish,Easy,0.2743,rain,4
Spanish,Easy,0.4302,a,1
Spanish,Easy,0.5041,rent,4
Spanish,Easy,0.9046,we,2
Spanish,Easy,1.0,on,2
Spanish,Easy,1.0,the,3
Spanish,Easy,1.0,same,4
Spanish,Easy,1.0,team,4
Spanish,Easy,0.3977,he,2
Spanish,Easy,0.988,mean,4
Spanish,Easy,0.9838,really,6
Spanish,Easy,0.9469,right,5
Spanish,Easy,0.8461,on,2
Spanish,Easy,0.8816,your,4
Spanish,Easy,1.0,team,4
Spanish,Easy,0.9139,beyond,6
Spanish,Easy,1.0,my,2
Spanish,Easy,0.9999,team,4
Spanish,Easy,1.0,this,4
Spanish,Easy,1.0,is,2
Spanish,Easy,1.0,life,4
Spanish,Easy,1.0,people,6
Spanish,Easy,1.0,we,2
Spanish,Easy,1.0,wrote,5
Spanish,Easy,0.9986,air,3
Spanish,Easy,1.0,coming,6
Spanish,Easy,1.0,through,7
Spanish,Easy,1.0,your,4
Spanish,Easy,0.9076,nose,4
Spanish,Easy,0.9071,say,3
Spanish,Easy,1.0,a,1
Spanish,Easy,1.0,poem,4
Spanish,Easy,0.9113,two,3
Spanish,Easy,0.8901,roads,5
Spanish,Easy,0.9757,they,4
Spanish,Easy,0.9542,were,4
Spanish,Easy,0.7138,heading,7
Spanish,Easy,0.9853,the,3
Spanish,Easy,0.9528,holes,5
Spanish,Easy,0.9496,and,3
Spanish,Easy,0.952,he,2
Spanish,Easy,1.0,took,4
Spanish,Easy,1.0,the,3
Spanish,Easy,0.9999,road,4
Spanish,Easy,0.9969,less,4
Spanish,Easy,0.4144,traveled,8
Spanish,Easy,0.5409,on,2
Spanish,Easy,0.2648,it,2
Spanish,Easy,0.2619,hurt,4
Spanish,Easy,0.4611,man,3
Spanish,Easy,0.9966,really,6
Spanish,Easy,1.0,bad,3
Spanish,Easy,0.9696,rocks,5
Spanish,Easy,0.8232,thorn,5
Spanish,Easy,0.638,is,2
Spanish,Easy,0.8058,unless,6
Spanish,Easy,1.0,not,3
Spanish,Easy,0.992,cool,4
Spanish,Easy,0.8747,robert,6
Spanish,Easy,1.0,frost,5
Spanish,Easy,1.0,but,3
Spanish,Easy,1.0,what,4
Spanish,Easy,1.0,if,2
Spanish,Easy,0.9902,there,5
Spanish,Easy,0.9978,really,6
Spanish,Easy,0.9976,were,4
Spanish,Easy,0.8916,too,3
Spanish,Easy,1.0,bad,3
Spanish,Easy,1.0,i,1
Spanish,Easy,0.9996,want,4
Spanish,Easy,1.0,to,2
Spanish,Easy,1.0,be,2
Spanish,Easy,1.0,in,2
Spanish,Easy,1.0,the,3
Spanish,Easy,0.9992,one,3
Spanish,Easy,1.0,that,4
Spanish,Easy,1.0,leads,5
Spanish,Easy,0.9753,to,2
Spanish,Easy,0.9845,or,2
Spanish,Easy,0.9967,some,4
Spanish,Easy,1.0,like,4
Spanish,Easy,1.0,that,4
Spanish,Easy,0.9655,do,2
Spanish,Easy,0.9993,the,3
Spanish,Easy,0.3011,only,4
Spanish,Easy,0.8356,said,4
Spanish,Easy,0.9992,stop,4
Spanish,Easy,0.9823,believing,9
Spanish,Easy,1.0,unless,6
Spanish,Easy,0.6882,your,4
Spanish,Easy,0.931,dream,5
Spanish,Easy,0.7186,mrs,3
Spanish,Easy,0.7559,toby,4
Spanish,Easy,1.0,then,4
Spanish,Easy,1.0,you,3
Spanish,Easy,0.9894,should,6
Spanish,Easy,1.0,give,4
Spanish,Easy,1.0,up,2
Spanish,Easy,1.0,your,4
Spanish,Easy,0.9999,dream,5
Spanish,Easy,0.9996,you,3
Spanish,Easy,1.0,think,5
Spanish,Easy,1.0,how,3
Spanish,Easy,1.0,it,2
Spanish,Easy,1.0,goes,4
Spanish,Easy,0.9848,you,3
Spanish,Easy,1.0,better,6
Spanish,Easy,0.9826,dream,5
Spanish,Easy,0.5929,to,2
Spanish,Easy,1.0,keep,4
Spanish,Easy,0.9936,going,5
Spanish,Easy,1.0,keep,4
Spanish,Easy,1.0,going,5
Spanish,Easy,1.0,keep,4
Spanish,Easy,1.0,going,5
Spanish,Easy,0.8501,and,3
Spanish,Easy,1.0,keep,4
Spanish,Easy,0.9991,going,5
Spanish,Easy,1.0,what,4
Spanish,Easy,1.0,if,2
Spanish,Easy,0.9999,michael,7
Spanish,Easy,0.9851,jordan,6
Spanish,Easy,0.9933,had,3
Spanish,Easy,0.9953,quit,4
Spanish,Easy,1.0,well,4
Spanish,Easy,0.2223,added,5
Spanish,Easy,0.9837,quit,4
Spanish,Easy,0.882,no,2
Spanish,Easy,0.9956,already,7
Spanish,Easy,0.9075,there,5
Spanish,Easy,1.0,yeah,4
Spanish,Easy,1.0,yes,3
Spanish,Easy,0.9983,already,7
Spanish,Easy,0.9796,there,5
Spanish,Easy,1.0,but,3
Spanish,Easy,1.0,before,6
Spanish,Easy,1.0,that,4
Spanish,Easy,1.0,in,2
Spanish,Easy,1.0,high,4
Spanish,Easy,0.9999,school,6
Spanish,Easy,1.0,what,4
Spanish,Easy,0.9034,if,2
Spanish,Easy,0.2592,equity,6
Spanish,Easy,0.9959,when,4
Spanish,Easy,0.8886,it,2
Spanish,Easy,1.0,make,4
Spanish,Easy,0.9998,the,3
Spanish,Easy,1.0,team,4
Spanish,Easy,0.5334,i,1
Spanish,Easy,0.9978,would,5
Spanish,Easy,1.0,never,5
Spanish,Easy,1.0,make,4
Spanish,Easy,0.9959,a,1
Spanish,Easy,1.0,space,5
Spanish,Easy,0.9039,yemen,5
Spanish,Easy,0.7362,eloff,5
Spanish,Easy,1.0,space,5
Spanish,Easy,0.7976,yam,3
Spanish,Easy,1.0,what,4
Spanish,Easy,1.0,will,4
Spanish,Easy,1.0,be,2
Spanish,Easy,0.9289,your,4
Spanish,Easy,0.6726,a,1
Spanish,Easy,0.9177,space,5
Spanish,Easy,0.9986,yeah,4
Spanish,Easy,1.0,what,4
Spanish,Easy,1.0,will,4
Spanish,Easy,1.0,you,3
Spanish,Easy,0.3834,greek,5
Spanish,Easy,0.4385,ship,4
Spanish,Easy,0.997,to,2
Spanish,Easy,1.0,make,4
Spanish,Easy,0.6102,their,5
Spanish,Easy,0.9998,world,5
Spanish,Easy,0.7611,or,2
Spanish,Easy,0.9954,some,4
Spanish,Easy,1.0,nothing,7
Spanish,Easy,1.0,if,2
Spanish,Easy,0.9064,you,3
Spanish,Easy,0.7202,keeps,5
Spanish,Easy,0.7202,it,2
Spanish,Easy,0.9998,in,2
Spanish,Easy,0.9504,there,5
Spanish,Easy,1.0,why,3
Spanish,Easy,1.0,talking,7
Spanish,Easy,1.0,to,2
Spanish,Easy,1.0,you,3
Spanish,Easy,1.0,today,5
Spanish,Easy,1.0,this,4
Spanish,Easy,1.0,is,2
Spanish,Easy,1.0,your,4
Spanish,Easy,1.0,time,4
Spanish,Easy,1.0,this,4
Spanish,Easy,1.0,is,2
Spanish,Easy,1.0,my,2
Spanish,Easy,1.0,time,4
Spanish,Easy,0.9993,our,3
Spanish,Easy,1.0,time,4
Spanish,Easy,1.0,we,2
Spanish,Easy,1.0,can,3
Spanish,Easy,1.0,make,4
Spanish,Easy,0.5074,everyday,8
Spanish,Easy,1.0,better,6
Spanish,Easy,1.0,for,3
Spanish,Easy,1.0,each,4
Spanish,Easy,0.9007,other,5
Spanish,Easy,0.8284,there,5
Spanish,Easy,1.0,if,2
Spanish,Easy,1.0,all,3
Spanish,Easy,1.0,on,2
Spanish,Easy,1.0,the,3
Spanish,Easy,1.0,same,4
Spanish,Easy,1.0,team,4
Spanish,Easy,0.9992,start,5
Spanish,Easy,0.9939,acting,6
Spanish,Easy,1.0,like,4
Spanish,Easy,1.0,it,2
Spanish,Easy,1.0,we,2
Spanish,Easy,1.0,would,5
Spanish,Easy,1.0,work,4
Spanish,Easy,0.8903,to,2
Spanish,Easy,0.9997,the,3
Spanish,Easy,1.0,we,2
Spanish,Easy,0.9742,can,3
Spanish,Easy,0.2155,crazy,5
Spanish,Easy,0.9795,about,5
Spanish,Easy,1.0,it,2
Spanish,Easy,0.9989,or,2
Spanish,Easy,1.0,we,2
Spanish,Easy,0.9986,can,3
Spanish,Easy,1.0,dance,5
Spanish,Easy,0.9981,about,5
Spanish,Easy,1.0,it,2
Spanish,Easy,1.0,we,2
Spanish,Easy,0.9997,were,4
Spanish,Easy,1.0,made,4
Spanish,Easy,1.0,to,2
Spanish,Easy,0.9933,be,2
Spanish,Easy,0.9901,or,2
Spanish,Easy,0.9888,some,4
Spanish,Easy,0.6435,right,5
Spanish,Easy,1.0,out,3
Spanish,Easy,0.9782,there,5
Spanish,Easy,1.0,i,1
Spanish,Easy,1.0,know,4
Spanish,Easy,0.9992,everything,10
Spanish,Easy,0.6629,stuck,5
Spanish,Easy,0.9268,it,2
Spanish,Easy,1.0,but,3
Spanish,Easy,1.0,you,3
Spanish,Easy,1.0,know,4
Spanish,Easy,1.0,this,4
Spanish,Easy,1.0,duty,4
Spanish,Easy,0.8152,to,2
Spanish,Easy,1.0,if,2
Spanish,Easy,0.6757,they,4
Spanish,Easy,0.645,wall,4
Spanish,Easy,0.9373,a,1
Spanish,Easy,1.0,reason,6
Spanish,Easy,0.9941,to,2
Spanish,Easy,0.5118,themselves,10
Spanish,Easy,1.0,so,2
Spanish,Easy,0.9745,it,2
Spanish,Medium,1.0,but,3
Spanish,Medium,1.0,then,4
Spanish,Medium,1.0,came,4
Spanish,Medium,0.7478,by,2
Spanish,Medium,0.9957,90,2
Spanish,Medium,0.3757,payed,5
Spanish,Medium,0.832,senior,6
Spanish,Medium,1.0,this,4
Spanish,Medium,1.0,is,2
Spanish,Medium,0.9854,a,1
Spanish,Medium,1.0,paper,5
Spanish,Medium,0.8621,supposedto,10
Spanish,Medium,0.9987,spend,5
Spanish,Medium,0.987,a,1
Spanish,Medium,1.0,year,4
Spanish,Medium,1.0,on,2
Spanish,Medium,0.9807,on,2
Spanish,Medium,0.9995,in,2
Spanish,Medium,0.9576,you,3
Spanish,Medium,1.0,for,3
Spanish,Medium,1.0,a,1
Spanish,Medium,1.0,paper,5
Spanish,Medium,1.0,like,4
Spanish,Medium,1.0,that,4
Spanish,Medium,1.0,my,2
Spanish,Medium,1.0,normal,6
Spanish,Medium,0.9959,work,4
Spanish,Medium,0.8846,flocks,6
Spanish,Medium,0.4438,was,3
Spanish,Medium,0.8818,not,3
Spanish,Medium,0.5417,out,3
Spanish,Medium,0.8031,of,2
Spanish,Medium,0.8403,the,3
Spanish,Medium,0.8271,on,2
Spanish,Medium,1.0,it,2
Spanish,Medium,1.0,was,3
Spanish,Medium,0.9963,way,3
Spanish,Medium,0.8774,toby,4
Spanish,Medium,0.4354,high,4
Spanish,Medium,0.9959,project,7
Spanish,Medium,1.0,so,2
Spanish,Medium,0.8832,it,2
Spanish,Medium,0.9488,planet,6
Spanish,Medium,0.8654,things,6
Spanish,Medium,0.9905,out,3
Spanish,Medium,0.6871,and,3
Spanish,Medium,0.6501,he,2
Spanish,Medium,0.9994,decided,7
Spanish,Medium,0.716,the,3
Spanish,Medium,0.9012,kind,4
Spanish,Medium,0.9012,off,3
Spanish,Medium,0.7299,toe,3
Spanish,Medium,0.4052,or,2
Spanish,Medium,1.0,something,9
Spanish,Medium,1.0,like,4
Spanish,Medium,0.9999,this,4
Spanish,Medium,1.0,this,4
Spanish,Medium,1.0,is,2
Spanish,Medium,1.0,how,3
Spanish,Medium,1.0,the,3
Spanish,Medium,1.0,so,2
Spanish,Medium,0.9353,i,1
Spanish,Medium,0.7976,the,3
Spanish,Medium,0.9998,start,5
Spanish,Medium,0.6207,off,3
Spanish,Medium,0.9991,light,5
Spanish,Medium,0.963,on,2
Spanish,Medium,0.9361,i,1
Spanish,Medium,0.6957,pick,4
Spanish,Medium,0.7649,it,2
Spanish,Medium,1.0,up,2
Spanish,Medium,1.0,in,2
Spanish,Medium,1.0,the,3
Spanish,Medium,1.0,middle,6
Spanish,Medium,1.0,months,6
Spanish,Medium,0.9978,and,3
Spanish,Medium,1.0,then,4
Spanish,Medium,0.9979,and,3
Spanish,Medium,1.0,then,4
Spanish,Medium,0.88,he,2
Spanish,Medium,0.9993,would,5
Spanish,Medium,0.9894,kick,4
Spanish,Medium,1.0,it,2
Spanish,Medium,0.9966,up,2
Spanish,Medium,0.7437,into,4
Spanish,Medium,0.6913,higher,6
Spanish,Medium,0.5598,air,3
Spanish,Medium,0.9967,just,4
Spanish,Medium,1.0,like,4
Spanish,Medium,1.0,a,1
Spanish,Medium,1.0,little,6
Spanish,Medium,0.9912,staircase,9
Spanish,Medium,1.0,how,3
Spanish,Medium,1.0,hard,4
Spanish,Medium,1.0,could,5
Spanish,Medium,1.0,it,2
Spanish,Medium,1.0,be,2
Spanish,Medium,0.8764,the,3
Spanish,Medium,0.5432,work,4
Spanish,Medium,0.9981,up,2
Spanish,Medium,0.7707,there,5
Spanish,Medium,0.8184,stairs,6
Spanish,Medium,0.4317,no,2
Spanish,Medium,0.4066,be,2
Spanish,Medium,0.6349,real,4
Spanish,Medium,0.8709,right,5
Spanish,Medium,1.0,but,3
Spanish,Medium,1.0,then,4
Spanish,Medium,0.9997,the,3
Spanish,Medium,1.0,funniest,8
Spanish,Medium,1.0,thing,5
Spanish,Medium,0.9936,happened,8
Spanish,Medium,0.9931,it,2
Spanish,Medium,1.0,those,5
Spanish,Medium,1.0,first,5
Spanish,Medium,0.7928,few,3
Spanish,Medium,0.9956,humans,6
Spanish,Medium,1.0,they,4
Spanish,Medium,1.0,came,4
Spanish,Medium,0.7048,and,3
Spanish,Medium,0.7048,went,4
Spanish,Medium,0.617,on,2
Spanish,Medium,0.6167,equal,5
Spanish,Medium,0.8687,treat,5
Spanish,Medium,0.751,their,5
Spanish,Medium,0.9998,staff,5
Spanish,Medium,1.0,so,2
Spanish,Medium,1.0,we,2
Spanish,Medium,0.991,have,4
Spanish,Medium,0.5853,then,4
Spanish,Medium,0.9562,or,2
Spanish,Medium,0.9609,some,4
Spanish,Medium,0.9932,new,3
Spanish,Medium,0.364,revisited,9
Spanish,Medium,1.0,plan,4
Spanish,Medium,0.9551,ondimba,7
Spanish,Medium,0.9359,dentals,7
Spanish,Medium,1.0,middle,6
Spanish,Medium,0.9915,months,6
Spanish,Medium,1.0,actually,8
Spanish,Medium,1.0,went,4
Spanish,Medium,0.9995,by,2
Spanish,Medium,0.9551,and,3
Spanish,Medium,1.0,i,1
Spanish,Medium,0.9991,really,6
Spanish,Medium,0.8588,write,5
Spanish,Medium,0.9087,words,5
Spanish,Medium,1.0,and,3
Spanish,Medium,1.0,so,2
Spanish,Medium,0.9975,we,2
Spanish,Medium,0.9608,were,4
Spanish,Medium,0.9993,here,4
Spanish,Medium,1.0,on,2
Spanish,Medium,1.0,then,4
Spanish,Medium,0.6688,two,3
Spanish,Medium,0.9876,months,6
Spanish,Medium,0.7507,turn,4
Spanish,Medium,0.8818,it,2
Spanish,Medium,0.9984,into,4
Spanish,Medium,1.0,one,3
Spanish,Medium,0.9946,month,5
Spanish,Medium,1.0,which,5
Spanish,Medium,0.9934,turn,4
Spanish,Medium,0.998,it,2
Spanish,Medium,1.0,into,4
Spanish,Medium,0.9943,two,3
Spanish,Medium,0.9996,weeks,5
Spanish,Medium,1.0,on,2
Spanish,Medium,1.0,one,3
Spanish,Medium,0.994,day,3
Spanish,Medium,0.9937,woke,4
Spanish,Medium,1.0,up,2
Spanish,Medium,1.0,with,4
Spanish,Medium,1.0,three,5
Spanish,Medium,1.0,days,4
Spanish,Medium,1.0,until,5
Spanish,Medium,1.0,the,3
Spanish,Medium,0.9225,deadline,8
Spanish,Medium,0.9999,still,5
Spanish,Medium,1.0,not,3
Spanish,Medium,0.5982,revealing,9
Spanish,Medium,0.6828,right,5
Spanish,Medium,0.7198,in,2
Spanish,Medium,0.9794,a,1
Spanish,Medium,0.9795,war,3
Spanish,Medium,0.8705,and,3
Spanish,Medium,0.9196,so,2
Spanish,Medium,0.7257,he,2
Spanish,Medium,0.8697,did,3
Spanish,Medium,1.0,the,3
Spanish,Medium,1.0,only,4
Spanish,Medium,1.0,thing,5
Spanish,Medium,1.0,he,2
Spanish,Medium,1.0,could,5
Spanish,Medium,1.0,erode,5
Spanish,Medium,0.9974,90,2
Spanish,Medium,0.9908,pages,5
Spanish,Medium,1.0,over,4
Spanish,Medium,1.0,72,2
Spanish,Medium,1.0,hours,5
Spanish,Medium,0.9936,pulling,7
Spanish,Medium,1.0,not,3
Spanish,Medium,0.9929,one,3
Spanish,Medium,0.9854,but,3
Spanish,Medium,0.919,so,2
Spanish,Medium,1.0,all,3
Spanish,Medium,1.0,nighters,8
Spanish,Medium,0.9775,humans,6
Spanish,Medium,0.9946,are,3
Spanish,Medium,1.0,not,3
Spanish,Medium,0.9694,super,5
Spanish,Medium,0.7183,served,6
Spanish,Medium,0.9887,to,2
Spanish,Medium,0.9977,pull,4
Spanish,Medium,0.7336,two,3
Spanish,Medium,1.0,all,3
Spanish,Medium,1.0,nighters,8
Spanish,Medium,0.7928,sprinted,8
Spanish,Medium,1.0,across,6
Spanish,Medium,0.5919,campos,6
Spanish,Medium,0.9988,the,3
Spanish,Medium,0.7954,way,3
Spanish,Medium,0.9997,in,2
Spanish,Medium,0.9938,a,1
Spanish,Medium,0.8682,slo,3
Spanish,Medium,0.9902,mo,2
Spanish,Medium,0.9773,tion,4
Spanish,Medium,0.7489,on,2
Spanish,Medium,0.6923,got,3
Spanish,Medium,0.9928,eating,6
Spanish,Medium,0.9641,yesterday,9
Spanish,Medium,0.9743,deadline,8
Spanish,Hard,0.9988,learning,8
Spanish,Hard,0.9868,in,2
Spanish,Hard,0.9447,complex,7
Spanish,Hard,0.9712,domains,7
Spanish,Hard,1.0,such,4
Spanish,Hard,0.9814,a,1
Spanish,Hard,1.0,science,7
Spanish,Hard,1.0,and,3
Spanish,Hard,1.0,engineering,11
Spanish,Hard,1.0,or,2
Spanish,Hard,0.9999,making,6
Spanish,Hard,0.5785,the,3
Spanish,Hard,0.5705,diagnosis,9
Spanish,Hard,1.0,in,2
Spanish,Hard,0.9963,medicine,8
Spanish,Hard,0.9691,or,2
Spanish,Hard,0.9909,other,5
Spanish,Hard,0.9994,fields,6
Spanish,Hard,1.0,often,5
Spanish,Hard,0.9613,requires,8
Spanish,Hard,0.999,that,4
Spanish,Hard,0.9844,students,8
Spanish,Hard,0.9897,bring,5
Spanish,Hard,0.7973,substantial,11
Spanish,Hard,0.7641,amounts,7
Spanish,Hard,0.6523,of,2
Spanish,Hard,0.8117,free,4
Spanish,Hard,0.6881,or,2
Spanish,Hard,1.0,learning,8
Spanish,Hard,0.997,to,2
Spanish,Hard,0.9595,bear,4
Spanish,Hard,1.0,in,2
Spanish,Hard,0.9997,order,5
Spanish,Hard,0.9997,to,2
Spanish,Hard,0.9998,understand,10
Spanish,Hard,0.9906,and,3
Spanish,Hard,0.9997,acquire,7
Spanish,Hard,1.0,new,3
Spanish,Hard,1.0,knowledge,9
Spanish,Hard,1.0,or,2
Spanish,Hard,0.9625,solve,5
Spanish,Hard,0.7917,the,3
Spanish,Hard,1.0,problems,8
Spanish,Hard,0.9998,some,4
Spanish,Hard,0.5058,prayer,6
Spanish,Hard,0.9896,learning,8
Spanish,Hard,0.8316,maybe,5
Spanish,Hard,0.2533,rika,4
Spanish,Hard,0.9319,yet,3
Spanish,Hard,0.9925,imperfectly,11
Spanish,Hard,0.999,or,2
Spanish,Hard,1.0,may,3
Spanish,Hard,1.0,never,5
Spanish,Hard,1.0,have,4
Spanish,Hard,0.7327,been,4
Spanish,Hard,1.0,completely,10
Spanish,Hard,0.5006,mass,4
Spanish,Hard,0.719,trade,5
Spanish,Hard,0.9389,arena,5
Spanish,Hard,0.1853,gig,3
Spanish,Hard,0.678,initial,7
Spanish,Hard,0.8993,acquis,6
Spanish,Hard,0.7626,city,4
Spanish,Hard,0.9989,on,2
Spanish,Hard,1.0,students,8
Spanish,Hard,0.9898,who,3
Spanish,Hard,0.9119,can,3
Spanish,Hard,1.0,greatly,7
Spanish,Hard,0.8738,distinguished,13
Spanish,Hard,1.0,between,7
Spanish,Hard,0.882,what,4
Spanish,Hard,0.8355,say,3
Spanish,Hard,0.9585,no,2
Spanish,Hard,0.9978,one,3
Spanish,Hard,0.981,not,3
Spanish,Hard,0.5431,knows,5
Spanish,Hard,1.0,would,5
Spanish,Hard,1.0,be,2
Spanish,Hard,1.0,at,2
Spanish,Hard,1.0,an,2
Spanish,Hard,0.9997,advantage,9
Spanish,Hard,1.0,while,5
Spanish,Hard,1.0,working,7
Spanish,Hard,0.729,means,5
Spanish,Hard,1.0,that,4
Spanish,Hard,0.9334,domains,7
Spanish,Hard,1.0,since,5
Spanish,Hard,1.0,they,4
Spanish,Hard,1.0,are,3
Spanish,Hard,1.0,more,4
Spanish,Hard,1.0,likely,6
Spanish,Hard,1.0,to,2
Spanish,Hard,0.997,review,6
Spanish,Hard,1.0,and,3
Spanish,Hard,0.9753,try,3
Spanish,Hard,0.998,to,2
Spanish,Hard,0.6628,relearn,7
Spanish,Hard,0.998,imperfectly,11
Spanish,Hard,0.935,master,6
Spanish,Hard,0.4823,of,2
Spanish,Hard,1.0,materials,9
Spanish,Hard,1.0,needed,6
Spanish,Hard,1.0,for,3
Spanish,Hard,1.0,particular,10
Spanish,Hard,0.5803,task,4
Spanish,Hard,0.9512,compared,8
Spanish,Hard,1.0,with,4
Spanish,Hard,1.0,those,5
Spanish,Hard,1.0,who,3
Spanish,Hard,1.0,are,3
Spanish,Hard,0.508,circulating,11
Spanish,Hard,0.748,in,2
Spanish,Hard,0.9897,estimating,10
Spanish,Hard,0.968,data,4
Spanish,Hard,0.9803,on,2
Spanish,Hard,0.3554,away,4
Spanish,Hard,0.9967,in,2
Spanish,Hard,0.9951,view,4
Spanish,Hard,1.0,off,3
Spanish,Hard,1.0,the,3
Spanish,Hard,1.0,fact,4
Spanish,Hard,1.0,that,4
Spanish,Hard,0.8783,the,3
Spanish,Hard,0.8711,existing,8
Spanish,Hard,1.0,knowledge,9
Spanish,Hard,0.9935,monitoring,10
Spanish,Hard,0.3176,guess,5
Spanish,Hard,0.7689,course,6
Spanish,Hard,0.7455,account,7
Spanish,Hard,0.6339,death,5
Spanish,Hard,0.9996,for,3
Spanish,Hard,1.0,little,6
Spanish,Hard,0.9023,body,4
Spanish,Hard,0.3339,ends,4
Spanish,Hard,0.9952,in,2
Spanish,Hard,0.9938,science,7
Spanish,Hard,0.6574,graduates,9
Spanish,Hard,1.0,it,2
Spanish,Hard,0.9987,would,5
Spanish,Hard,1.0,be,2
Spanish,Hard,1.0,useful,6
Spanish,Hard,1.0,to,2
Spanish,Hard,0.9977,develop,7
Spanish,Hard,0.7129,our,3
Spanish,Hard,0.9813,knowledge,9
Spanish,Hard,1.0,monitoring,10
Spanish,Hard,0.9998,ability,7
Spanish,Hard,0.514,profit,6
Spanish,Hard,0.5315,durian,6
Spanish,Hard,1.0,the,3
Spanish,Hard,0.9353,science,7
Spanish,Hard,0.9771,domain,6
Spanish,Hard,0.7817,to,2
Spanish,Hard,0.8988,determinate,11
Spanish,Hard,0.917,is,2
Spanish,Hard,0.989,relationship,12
Spanish,Hard,0.737,toe,3
Spanish,Hard,1.0,achievement,11
Spanish,Hard,1.0,in,2
Spanish,Hard,1.0,science,7
Spanish,Hard,0.9989,and,3
Spanish,Hard,0.473,any,3
Spanish,Hard,0.5615,union,5
Spanish,Hard,0.9777,in,2
